"CrashFactId","Name","MinorInjuries","ModerateInjuries","SevereInjuries","FatalInjuries","TcrNumber","CityDamageFlag","ShortFormFlag","Distance","CrashDateTime","PedestrianAction","RoadwaySurface","RoadwayCondition","Lighting","PrimaryCollisionFactor","TrafficControl","Weather","CollisionType","ProximityToIntersection","VehicleInvolvedWith","PedestrianDirectionFrom","PedestrianDirectionTo","DirectionFromIntersection","Comment"
"679921","CR-0000089131","0","0","1","0","21-317-1102","False","False","235","11/13/2021 11:13:00 PM","Crossing - Not In Crosswalk","Dry","No Unusual Conditions","Dark - Street Light","Violation Driver 1","Controls Functioning","Clear","Vehicle/Pedestrian","Non-Related","Pedestrian","South","North","West Of","PEDESTRIAN"
"679922","CR-0000089120","0","1","0","0","21-316-0508","False","False","220","11/12/2021 2:31:00 PM","No Pedestrians Involved","Dry","No Unusual Conditions","Daylight","Violation Driver 1","No Controls Present/Factor","Clear","Vehicle/Bike","Non-Related","Bike","Not Applicable","Not Applicable","West Of","BIKE"
"679923","CR-0000089139","0","0","0","0","21-317-0193","False","False","66","11/14/2021 3:50:00 AM","No Pedestrians Involved","Dry","No Unusual Conditions","Dark - Street Light","Violation Driver 1","Controls Functioning","Clear","Other","Non-Related","Non-Collision","Not Applicable","Not Applicable","South Of",""
"679924","CR-0000089112","0","1","0","0","21-316-1051","False","False","0","11/12/2021 10:52:00 PM","No Pedestrians Involved","Dry","No Unusual Conditions","Dark - Street Light","Violation Driver 1","Controls Functioning","Clear","Sideswipe","Intersection","Other Vehicle","Not Applicable","Not Applicable","At",""
"679925","CR-0000089126","0","0","0","0","21-317-0123","True","False","847","11/13/2021 2:45:00 AM","No Pedestrians Involved","Dry","No Unusual Conditions","Dark - Street Light","Violation Driver 1","Controls Functioning","Clear","Hit Object","Non-Related","Fixed Object","Not Applicable","Not Applicable","East Of","(2) SIGN POSTS"
"679926","CR-0000089161","0","0","0","0","21-165-4001","False","True","51","6/14/2021 8:30:00 AM","No Pedestrians Involved","Unknown","Unknown","Unknown","Unknown","Unknown","Unknown","Other","Non-Related","Other Vehicle","Not Applicable","Not Applicable","East Of",""
"679927","CR-0000089156","0","0","0","0","21-160-4003","False","True","0","6/9/2021 3:55:00 PM","No Pedestrians Involved","Unknown","Unknown","Unknown","Unknown","Unknown","Unknown","Rear End","Intersection","Other Vehicle","Not Applicable","Not Applicable","At",""
"679928","CR-0000089150","0","0","0","0","21-347-4007","False","True","0","12/13/2021 6:28:00 PM","No Pedestrians Involved","Unknown","Unknown","Unknown","Unknown","Unknown","Unknown","Sideswipe","Intersection","Other Vehicle","Not Applicable","Not Applicable","At",""
"679929","CR-0000089162","0","0","0","0","21-157-4000","False","True","51","6/5/2021 9:20:00 PM","No Pedestrians Involved","Unknown","Unknown","Unknown","Unknown","Unknown","Unknown","Rear End","Non-Related","Other Vehicle","Not Applicable","Not Applicable","East Of",""
"679930","CR-0000089151","0","0","0","0","21-347-4005","False","True","","12/13/2021 4:45:00 PM","No Pedestrians Involved","Unknown","Unknown","Unknown","Unknown","Unknown","Unknown","Rear End","Related","Other Vehicle","Not Applicable","Not Applicable","Unknown",""
"679931","CR-0000089153","0","0","0","0","21-347-4003","False","True","51","12/12/2021 4:30:00 PM","No Pedestrians Involved","Unknown","Unknown","Unknown","Unknown","Unknown","Unknown","Sideswipe","Non-Related","Other Vehicle","Not Applicable","Not Applicable","South Of",""
"679932","CR-0000089148","0","0","0","0","21-347-4002","False","True","","12/13/2021 1:15:00 PM","No Pedestrians Involved","Unknown","Unknown","Daylight","Unknown","Unknown","Unknown","Vehicle/Bike","Related","Bike","Not Applicable","Not Applicable","West Of",""
"679933","CR-0000089158","0","0","0","0","21-163-4001","True","False","0","6/11/2021 3:57:00 PM","No Pedestrians Involved","Unknown","Unknown","Unknown","Unknown","Unknown","Unknown","Rear End","Intersection","Other Vehicle","Not Applicable","Not Applicable","At",""
"679934","CR-0000089155","0","0","0","0","21-315-0167","False","False","51","11/11/2021 7:51:00 AM","No Pedestrians Involved","Dry","No Unusual Conditions","Daylight","Violation Driver 1","Unknown","Clear","Sideswipe","Non-Related","Other Vehicle","Not Applicable","Not Applicable","East Of",""
"679935","CR-0000089152","0","0","0","0","21-347-4004","False","True","","12/13/2021 4:38:00 PM","No Pedestrians Involved","Unknown","Unknown","Unknown","Unknown","Unknown","Unknown","Rear End","Related","Other Vehicle","Not Applicable","Not Applicable","Unknown",""
"679936","CR-0000089159","0","0","0","0","21-164-4000","False","True","51","6/13/2021 9:35:00 AM","No Pedestrians Involved","Unknown","Unknown","Unknown","Unknown","Unknown","Unknown","Other","Non-Related","Parked Vehicle","Not Applicable","Not Applicable","East Of",""
"679937","CR-0000089160","0","0","0","0","21-165-4000","False","True","","6/13/2021 10:00:00 PM","No Pedestrians Involved","Unknown","Unknown","Unknown","Unknown","Unknown","Unknown","Rear End","Related","Other Vehicle","Not Applicable","Not Applicable","Unknown",""
"679938","CR-0000089149","0","0","0","0","21-348-4004","False","True","","12/13/2021 6:30:00 PM","No Pedestrians Involved","Unknown","Unknown","Unknown","Unknown","Unknown","Unknown","Rear End","Related","Other Vehicle","Not Applicable","Not Applicable","East Of",""
"679939","CR-0000089154","0","0","0","0","21-315-0096","True","False","100","11/11/2021 4:08:00 AM","No Pedestrians Involved","Dry","No Unusual Conditions","Dark - Street Light","Violation Driver 1","Unknown","Clear","Other","Non-Related","Fixed Object","Not Applicable","Not Applicable","South Of","Light Pole"
"679940","CR-0000089157","0","0","0","0","21-162-4001","False","True","","6/11/2021 10:25:00 AM","No Pedestrians Involved","Unknown","Unknown","Unknown","Unknown","Unknown","Unknown","Other","Related","Parked Vehicle","Not Applicable","Not Applicable","Unknown",""
"679941","CR-0000089169","0","0","0","0","21-211-4005","False","True","","7/30/2021 7:22:00 PM","Unknown","Unknown","Unknown","Unknown","Unknown","Unknown","Unknown","Rear End","Related","Unknown","Not Applicable","Not Applicable","West Of",""
"679942","CR-0000089170","0","0","0","0","22-018-0880","False","False","100","1/18/2022 9:24:00 PM","Crossing - Not In Crosswalk","Dry","No Unusual Conditions","Dark - Street Light","Unknown","Controls Functioning","Clear","Vehicle/Pedestrian","Non-Related","Pedestrian","West","East","South Of","Two of the three peds crossing outside the crosswalk were deceased."
"679943","CR-0000089166","0","0","0","0","21-160-4002","False","True","0","5/27/2021 6:02:00 PM","No Pedestrians Involved","Unknown","Unknown","Unknown","Unknown","Unknown","Unknown","Broadside","Intersection","Other Vehicle","Not Applicable","Not Applicable","At",""
"679944","CR-0000089163","0","0","0","0","21-157-4001","False","True","0","6/6/2021 7:30:00 PM","No Pedestrians Involved","Unknown","Unknown","Unknown","Unknown","Unknown","Unknown","Other","Intersection","Other Vehicle","Not Applicable","Not Applicable","At",""
"679945","CR-0000089171","0","0","0","1","22-022-0688","False","False","0","1/22/2022 7:33:00 PM","Crossing - Not In Crosswalk","Dry","No Unusual Conditions","Dark - Street Light","Pedestrian At Fault","Controls Functioning","Clear","Vehicle/Pedestrian","Intersection","Pedestrian","West","East","At","Hit and Run"
"679946","CR-0000089165","0","0","0","0","21-158-4003","False","True","","6/5/2021 3:25:00 PM","No Pedestrians Involved","Unknown","Unknown","Unknown","Unknown","Unknown","Unknown","Rear End","Related","Other Vehicle","Not Applicable","Not Applicable","Unknown",""
"679947","CR-0000089167","0","0","0","0","21-213-4004","False","True","51","7/31/2021 9:00:00 PM","No Pedestrians Involved","Unknown","Unknown","Unknown","Unknown","Unknown","Unknown","Rear End","Non-Related","Parked Vehicle","Not Applicable","Not Applicable","East Of",""
"679948","CR-0000089164","0","0","0","0","21-158-4001","False","True","","6/6/2021 5:00:00 PM","No Pedestrians Involved","Unknown","Unknown","Unknown","Unknown","Unknown","Unknown","Sideswipe","Related","Parked Vehicle","Not Applicable","Not Applicable","East Of",""
"679949","CR-0000089172","0","0","0","0","22-012-0159","False","False","0","1/12/2022 8:07:00 AM","No Pedestrians Involved","Dry","No Unusual Conditions","Daylight","Violation Driver 1","No Controls Present/Factor","Clear","Broadside","Intersection","Other Vehicle","Not Applicable","Not Applicable","At",""
"679950","CR-0000089168","0","0","0","0","21-212-4004","False","True","0","7/31/2021 9:20:00 PM","No Pedestrians Involved","Unknown","Unknown","Unknown","Unknown","Unknown","Unknown","Other","Intersection","Other Vehicle","Not Applicable","Not Applicable","At",""
"679951","CR-0000089201","1","0","0","0","21-149-0170","False","False","122","5/29/2021 6:21:00 AM","No Pedestrians Involved","Dry","Loose Material On Roadway","Daylight","Violation Driver 1","Unknown","Cloudy","Head On","Non-Related","Other Vehicle","Not Applicable","Not Applicable","North Of",""
"679952","CR-0000089197","2","0","0","0","21-141-0771","False","False","75","5/21/2021 7:11:00 PM","No Pedestrians Involved","Dry","No Unusual Conditions","Daylight","Violation Driver 1","Controls Functioning","Clear","Rear End","Non-Related","Other Vehicle","Not Applicable","Not Applicable","East Of",""
"679953","CR-0000089174","1","0","0","0","21-123-0497","False","False","0","5/3/2021 2:23:00 PM","No Pedestrians Involved","Dry","No Unusual Conditions","Daylight","Violation Driver 1","No Controls Present/Factor","Clear","Broadside","Intersection","Other Vehicle","Not Applicable","Not Applicable","At",""
"679954","CR-0000089177","2","0","0","0","21-124-0418","False","False","0","5/4/2021 12:00:00 PM","No Pedestrians Involved","Dry","No Unusual Conditions","Daylight","Violation Driver 1","Unknown","Clear","Broadside","Intersection","Other Vehicle","Not Applicable","Not Applicable","At","TREE"
"679955","CR-0000089187","1","0","0","0","21-134-0428","False","False","0","5/14/2021 1:17:00 PM","No Pedestrians Involved","Dry","No Unusual Conditions","Daylight","Violation Driver 1","Controls Functioning","Clear","Rear End","Intersection","Other Vehicle","Not Applicable","Not Applicable","At",""
"679956","CR-0000089195","0","0","1","0","21-141-0642","False","False","0","5/21/2021 5:17:00 PM","No Pedestrians Involved","Dry","No Unusual Conditions","Daylight","Violation Driver 1","Controls Functioning","Clear","Vehicle/Bike","Intersection","Bike","Not Applicable","Not Applicable","At","BIKE"
"679957","CR-0000089200","1","0","0","0","21-145-1158","False","False","0","5/26/2021 12:00:00 AM","No Pedestrians Involved","Dry","No Unusual Conditions","Dark - Street Light","Violation Driver 1","Controls Functioning","Clear","Broadside","Intersection","Other Vehicle","Not Applicable","Not Applicable","At",""
"679958","CR-0000089180","2","1","0","0","21-125-1050","False","False","385","5/5/2021 11:15:00 PM","No Pedestrians Involved","Dry","No Unusual Conditions","Dark - Street Light","Violation Driver 1","No Controls Present/Factor","Clear","Broadside","Non-Related","Other Vehicle","Not Applicable","Not Applicable","North Of",""
"679959","CR-0000089198","0","1","0","0","21-142-0048","False","False","148","5/22/2021 1:04:00 AM","Crossing - Not In Crosswalk","Dry","No Unusual Conditions","Dark - Street Light","Violation Driver 1","No Controls Present/Factor","Clear","Vehicle/Pedestrian","Non-Related","Pedestrian","Unknown","Unknown","West Of","PEDESTRIAN"
"679960","CR-0000089184","0","0","1","0","21-127-1019","False","False","0","5/7/2021 11:10:00 PM","No Pedestrians Involved","Dry","No Unusual Conditions","Dark - Street Light","Violation Driver 1","No Controls Present/Factor","Clear","Vehicle/Bike","Intersection","Bike","Not Applicable","Not Applicable","At","BIKE"
"679961","CR-0000089204","0","0","2","0","21-319-0436","False","False","0","11/15/2021 12:30:00 PM","No Pedestrians Involved","Dry","No Unusual Conditions","Daylight","Violation Driver 1","Controls Functioning","Clear","Broadside","Intersection","Other Vehicle","Not Applicable","Not Applicable","At",""
"679962","CR-0000089178","0","1","0","0","21-124-0642","False","False","29","5/4/2021 4:10:00 PM","No Pedestrians Involved","Dry","No Unusual Conditions","Daylight","Violation Driver 1","Controls Functioning","Clear","Vehicle/Bike","Related","Bike","Not Applicable","Not Applicable","East Of","BIKE"
"679963","CR-0000089202","1","0","0","0","21-149-0536","False","False","0","5/29/2021 3:24:00 PM","Crossing In Crosswalk - At Intersection","Dry","No Unusual Conditions","Daylight","Violation Driver 1","Unknown","Clear","Vehicle/Pedestrian","Intersection","Pedestrian","South","North","At","PEDESTRIAN"
"679964","CR-0000089173","1","0","0","0","21-123-0172","False","False","20","5/3/2021 7:45:00 AM","No Pedestrians Involved","Dry","No Unusual Conditions","Dark - Street Light","Violation Driver 1","No Controls Present/Factor","Clear","Rear End","Related","Parked Vehicle","Not Applicable","Not Applicable","South Of",""
"679965","CR-0000089179","0","1","0","0","21-125-0442","False","False","0","5/5/2021 1:30:00 PM","No Pedestrians Involved","Dry","No Unusual Conditions","Daylight","Violation Driver 1","Controls Functioning","Clear","Broadside","Intersection","Other Vehicle","Not Applicable","Not Applicable","At",""
"679966","CR-0000089191","0","1","0","0","21-139-0540","False","False","0","5/19/2021 3:13:00 PM","No Pedestrians Involved","Dry","No Unusual Conditions","Daylight","Violation Driver 1","Controls Functioning","Clear","Sideswipe","Intersection","Motorcycle","Not Applicable","Not Applicable","At",""
"679967","CR-0000089194","1","0","0","0","21-139-0968","False","False","52","5/19/2021 10:23:00 PM","No Pedestrians Involved","Dry","No Unusual Conditions","Dark - Street Light","Violation Driver 1","Controls Functioning","Clear","Vehicle/Bike","Non-Related","Bike","Not Applicable","Not Applicable","South Of","BIKE"
"679968","CR-0000089205","0","1","0","0","21-319-0564","False","False","75","11/15/2021 2:50:00 PM","No Pedestrians Involved","Dry","No Unusual Conditions","Daylight","Violation Driver 1","No Controls Present/Factor","Clear","Head On","Non-Related","Parked Vehicle","Not Applicable","Not Applicable","West Of",""
"679969","CR-0000089193","0","1","0","0","21-139-0911","False","False","51","5/19/2021 9:20:00 PM","No Pedestrians Involved","Dry","No Unusual Conditions","Dark - Street Light","Violation Driver 1","No Controls Present/Factor","Clear","Sideswipe","Non-Related","Motorcycle","Not Applicable","Not Applicable","West Of",""
"679970","CR-0000089199","1","0","0","0","21-144-0741","False","False","51","5/24/2021 5:01:00 PM","No Pedestrians Involved","Dry","No Unusual Conditions","Daylight","Violation Driver 1","No Controls Present/Factor","Clear","Rear End","Non-Related","Other Vehicle","Not Applicable","Not Applicable","South Of",""
"679971","CR-0000089188","1","0","1","0","21-134-0910","False","False","135","5/14/2021 9:29:00 PM","No Pedestrians Involved","Dry","No Unusual Conditions","Dark - Street Light","Violation Driver 1","No Controls Present/Factor","Clear","Rear End","Non-Related","Motorcycle","Not Applicable","Not Applicable","East Of",""
"679972","CR-0000089189","0","1","0","0","21-135-0004","False","False","21","5/15/2021 12:02:00 AM","No Pedestrians Involved","Dry","No Unusual Conditions","Dark - Street Light","Violation Driver 1","No Controls Present/Factor","Clear","Hit Object","Related","Parked Vehicle","Not Applicable","Not Applicable","West Of",""
"679973","CR-0000089176","2","0","0","0","21-123-0686","False","False","20","5/3/2021 5:45:00 PM","No Pedestrians Involved","Dry","No Unusual Conditions","Daylight","Violation Driver 1","Controls Functioning","Clear","Rear End","Related","Other Vehicle","Not Applicable","Not Applicable","East Of",""
"679974","CR-0000089186","1","0","0","0","21-130-0795","False","False","0","5/10/2021 5:30:00 PM","No Pedestrians Involved","Dry","No Unusual Conditions","Daylight","Violation Driver 1","Controls Functioning","Clear","Rear End","Intersection","Other Vehicle","Not Applicable","Not Applicable","At",""
"679975","CR-0000089181","0","0","1","0","21-126-0729","False","False","254","5/6/2021 5:18:00 PM","No Pedestrians Involved","Dry","No Unusual Conditions","Daylight","Violation Driver 1","No Controls Present/Factor","Clear","Sideswipe","Non-Related","Other Vehicle","Not Applicable","Not Applicable","North Of",""
"679976","CR-0000089183","1","0","0","0","21-127-0684","False","False","0","5/7/2021 5:25:00 PM","No Pedestrians Involved","Dry","No Unusual Conditions","Daylight","Violation Driver 1","Controls Functioning","Clear","Sideswipe","Intersection","Other Vehicle","Not Applicable","Not Applicable","At",""
"679977","CR-0000089192","0","1","0","0","21-139-0858","False","False","0","5/19/2021 8:32:00 PM","No Pedestrians Involved","Dry","No Unusual Conditions","Dark - Street Light Not Functioning","Violation Driver 1","No Controls Present/Factor","Clear","Vehicle/Bike","Intersection","Bike","Not Applicable","Not Applicable","At","BIKE"
"679978","CR-0000089175","2","0","0","0","21-123-0675","False","False","0","5/3/2021 5:30:00 PM","No Pedestrians Involved","Dry","No Unusual Conditions","Daylight","Violation Driver 1","Controls Functioning","Clear","Sideswipe","Intersection","Other Vehicle","Not Applicable","Not Applicable","At",""
"679979","CR-0000089182","0","0","1","0","21-127-0033","False","False","1100","5/7/2021 12:39:00 AM","In Road - Includes Shoulder","Dry","No Unusual Conditions","Dark - No Street Light","Violation Driver 1","No Controls Present/Factor","Clear","Vehicle/Pedestrian","Non-Related","Pedestrian","South","North","North Of","PEDESTRIAN AND EMERGENCY VEHICLE"
"679980","CR-0000089185","0","1","0","0","21-129-0596","False","False","0","5/9/2021 5:32:00 PM","No Pedestrians Involved","Dry","No Unusual Conditions","Daylight","Violation Driver 1","No Controls Present/Factor","Clear","Sideswipe","Intersection","Motor Vehicle On Other Roadway","Not Applicable","Not Applicable","At",""
"679981","CR-0000089196","2","0","0","0","21-141-0756","False","False","51","5/21/2021 6:58:00 PM","No Pedestrians Involved","Dry","No Unusual Conditions","Daylight","Violation Driver 1","Controls Functioning","Clear","Rear End","Non-Related","Other Vehicle","Not Applicable","Not Applicable","South Of",""
"679982","CR-0000089203","0","0","0","0","21-319-0433","False","False","114","11/15/2021 12:28:00 PM","No Pedestrians Involved","Dry","No Unusual Conditions","Daylight","Violation Driver 1","No Controls Present/Factor","Clear","Rear End","Non-Related","Parked Vehicle","Not Applicable","Not Applicable","North Of",""
"679983","CR-0000089190","0","1","0","0","21-135-0040","False","False","718","5/15/2021 12:45:00 AM","No Pedestrians Involved","Dry","No Unusual Conditions","Dark - Street Light","Violation Driver 1","No Controls Present/Factor","Clear","Sideswipe","Non-Related","Motorcycle","Not Applicable","Not Applicable","East Of",""
"679984","CR-0000089217","0","0","1","0","21-320-0196","True","False","0","11/16/2021 8:00:00 AM","No Pedestrians Involved","Dry","No Unusual Conditions","Daylight","Violation Driver 1","No Controls Present/Factor","Fog","Hit Object","Intersection","Fixed Object","Not Applicable","Not Applicable","At","CURB/TREE"
"679985","CR-0000089220","0","0","0","0","21-320-0235","False","False","23","11/16/2021 8:32:00 AM","No Pedestrians Involved","Dry","No Unusual Conditions","Daylight","Violation Driver 1","No Controls Present/Factor","Clear","Hit Object","Related","Fixed Object","Not Applicable","Not Applicable","East Of",""
"679986","CR-0000089234","0","1","0","0","21-321-0141","False","False","44","11/17/2021 7:15:00 AM","No Pedestrians Involved","Dry","No Unusual Conditions","Daylight","Violation Driver 1","Controls Functioning","Clear","Sideswipe","Related","Motorcycle","Not Applicable","Not Applicable","West Of",""
"679987","CR-0000089213","1","0","0","0","21-319-0762","False","False","0","11/15/2021 6:43:00 PM","No Pedestrians Involved","Dry","No Unusual Conditions","Dark - Street Light","Bike At Fault","Controls Functioning","Clear","Vehicle/Bike","Intersection","Bike","Not Applicable","Not Applicable","At","BIKE"
"679988","CR-0000089211","1","2","0","0","21-319-0634","False","False","0","11/15/2021 4:14:00 PM","No Pedestrians Involved","Dry","No Unusual Conditions","Daylight","Violation Driver 1","No Controls Present/Factor","Clear","Broadside","Intersection","Other Vehicle","Not Applicable","Not Applicable","At",""
"679989","CR-0000089206","1","0","0","0","21-319-0803","False","False","0","11/15/2021 8:23:00 PM","No Pedestrians Involved","Dry","No Unusual Conditions","Dark - Street Light","Violation Driver 1","Controls Functioning","Clear","Broadside","Intersection","Other Vehicle","Not Applicable","Not Applicable","At",""
"679990","CR-0000089222","1","1","0","0","21-320-0710","False","False","20","11/16/2021 4:02:00 PM","No Pedestrians Involved","Dry","No Unusual Conditions","Daylight","Violation Driver 1","No Controls Present/Factor","Clear","Broadside","Related","Other Vehicle","Not Applicable","Not Applicable","East Of",""
"679991","CR-0000089210","0","1","0","0","21-319-0221","False","False","0","11/15/2021 8:30:00 AM","No Pedestrians Involved","Dry","No Unusual Conditions","Daylight","Violation Driver 1","Controls Functioning","Cloudy","Hit Object","Intersection","Fixed Object","Not Applicable","Not Applicable","At","LIGHT POLE"
"679992","CR-0000089226","1","0","0","0","21-321-0692","False","False","300","11/17/2021 5:22:00 PM","Crossing - Not In Crosswalk","Dry","No Unusual Conditions","Dark - Street Light","Pedestrian At Fault","No Controls Present/Factor","Clear","Vehicle/Pedestrian","Non-Related","Pedestrian","South","North","East Of","PEDESTRIAN"
"679993","CR-0000089221","0","0","0","0","21-320-1050","False","False","95","11/16/2021 10:07:00 PM","No Pedestrians Involved","Dry","No Unusual Conditions","Dark - Street Light","Violation Driver 1","No Controls Present/Factor","Clear","Rear End","Non-Related","Parked Vehicle","Not Applicable","Not Applicable","West Of",""
"679994","CR-0000089225","0","1","0","0","21-320-0962","False","False","0","11/16/2021 8:06:00 PM","Crossing In Crosswalk - At Intersection","Dry","No Unusual Conditions","Dark - Street Light","Violation Driver 1","Unknown","Clear","Vehicle/Pedestrian","Intersection","Pedestrian","North","South","At","PEDESTRIAN"
"679995","CR-0000089216","2","1","0","0","21-320-0183","True","False","0","11/16/2021 7:37:00 AM","No Pedestrians Involved","Dry","No Unusual Conditions","Daylight","Violation Driver 1","No Controls Present/Factor","Clear","Broadside","Intersection","Other Vehicle","Not Applicable","Not Applicable","At","YIELD SIGN"
"679996","CR-0000089233","0","0","0","0","21-321-0785","False","False","100","11/17/2021 7:06:00 PM","No Pedestrians Involved","Dry","No Unusual Conditions","Dark - Street Light","Violation Driver 1","Controls Functioning","Clear","Rear End","Non-Related","Other Vehicle","Not Applicable","Not Applicable","East Of",""
"679997","CR-0000089230","0","0","0","0","21-321-0722","False","False","56","11/17/2021 6:09:00 PM","No Pedestrians Involved","Dry","No Unusual Conditions","Dark - Street Light","Violation Driver 1","No Controls Present/Factor","Clear","Sideswipe","Non-Related","Parked Vehicle","Not Applicable","Not Applicable","West Of",""
"679998","CR-0000089208","1","0","0","0","21-319-0135","False","False","0","11/15/2021 5:55:00 AM","No Pedestrians Involved","Dry","No Unusual Conditions","Dark - Street Light","Violation Driver 1","No Controls Present/Factor","Clear","Head On","Intersection","Motor Vehicle On Other Roadway","Not Applicable","Not Applicable","At",""
"679999","CR-0000089212","1","0","0","0","21-319-0706","False","False","0","11/15/2021 5:43:00 PM","Crossing In Crosswalk - At Intersection","Dry","No Unusual Conditions","Dark - Street Light","Violation Driver 1","Controls Functioning","Clear","Vehicle/Pedestrian","Intersection","Pedestrian","South","North","At","PEDESTRIAN"
"680000","CR-0000089214","0","0","0","0","21-320-0529","False","False","48","11/16/2021 1:15:00 PM","No Pedestrians Involved","Dry","No Unusual Conditions","Daylight","Violation Driver 1","No Controls Present/Factor","Clear","Sideswipe","Related","Parked Vehicle","Not Applicable","Not Applicable","South Of",""
"680001","CR-0000089228","0","0","0","0","21-321-0417","False","False","0","11/17/2021 12:29:00 PM","No Pedestrians Involved","Dry","No Unusual Conditions","Daylight","Violation Driver 1","Unknown","Clear","Broadside","Intersection","Other Vehicle","Not Applicable","Not Applicable","At",""
"680002","CR-0000089219","0","0","0","0","21-320-1092","True","False","0","11/16/2021 11:28:00 PM","No Pedestrians Involved","Dry","No Unusual Conditions","Dark - Street Light","Violation Driver 1","Controls Functioning","Fog","Hit Object","Intersection","Fixed Object","Not Applicable","Not Applicable","At","LIGHT POLE"
"680003","CR-0000089215","0","0","0","0","21-320-0154","False","False","246","11/16/2021 7:04:00 AM","No Pedestrians Involved","Dry","No Unusual Conditions","Daylight","Violation Driver 1","Controls Functioning","Clear","Rear End","Non-Related","Parked Vehicle","Not Applicable","Not Applicable","South Of",""
"680004","CR-0000089224","1","0","0","0","21-320-0746","False","False","0","11/16/2021 4:29:00 PM","No Pedestrians Involved","Dry","No Unusual Conditions","Dark - Street Light","Violation Driver 1","No Controls Present/Factor","Clear","Broadside","Intersection","Other Vehicle","Not Applicable","Not Applicable","At",""
"680005","CR-0000089235","1","0","0","0","21-321-0913","False","False","0","11/17/2021 10:08:00 PM","No Pedestrians Involved","Dry","No Unusual Conditions","Dark - Street Light","Violation Driver 1","Controls Functioning","Clear","Head On","Intersection","Other Vehicle","Not Applicable","Not Applicable","At",""
"680006","CR-0000089218","3","0","0","0","21-320-1033","False","False","0","11/16/2021 9:41:00 PM","No Pedestrians Involved","Dry","Construction - Repair Zone","Dark - Street Light","Violation Driver 1","Controls Functioning","Clear","Broadside","Intersection","Other Vehicle","Not Applicable","Not Applicable","At",""
"680007","CR-0000089227","0","0","0","0","21-321-0135","False","False","618","11/17/2021 2:00:00 AM","No Pedestrians Involved","Dry","No Unusual Conditions","Unknown","Violation Driver 1","Controls Functioning","Unknown","Sideswipe","Non-Related","Parked Vehicle","Not Applicable","Not Applicable","South Of",""
"680008","CR-0000089207","1","0","0","0","21-319-0056","True","False","30","11/15/2021 1:25:00 AM","No Pedestrians Involved","Dry","No Unusual Conditions","Dark - Street Light","Violation Driver 1","Controls Functioning","Clear","Hit Object","Related","Fixed Object","Not Applicable","Not Applicable","East Of","TRAFFIC SIGNAL"
"680009","CR-0000089223","1","0","0","0","21-320-0729","False","False","35","11/16/2021 4:14:00 PM","No Pedestrians Involved","Dry","No Unusual Conditions","Dusk - Dawn","Violation Driver 1","Controls Functioning","Clear","Rear End","Related","Other Vehicle","Not Applicable","Not Applicable","East Of",""
"680010","CR-0000089231","2","0","0","0","21-321-0296","False","False","0","11/17/2021 10:33:00 AM","No Pedestrians Involved","Dry","No Unusual Conditions","Daylight","Violation Driver 1","Controls Functioning","Clear","Broadside","Intersection","Other Vehicle","Not Applicable","Not Applicable","At",""
"680011","CR-0000089209","0","1","0","0","21-319-0172","False","False","0","11/15/2021 7:38:00 AM","Crossing In Crosswalk - At Intersection","Dry","No Unusual Conditions","Daylight","Violation Driver 1","No Controls Present/Factor","Clear","Vehicle/Pedestrian","Intersection","Pedestrian","North","South","At","PEDESTRIAN"
"680012","CR-0000089232","0","0","0","0","21-321-0487","True","False","0","11/17/2021 1:55:00 PM","No Pedestrians Involved","Dry","No Unusual Conditions","Daylight","Violation Driver 1","Controls Functioning","Clear","Hit Object","Intersection","Fixed Object","Not Applicable","Not Applicable","At","STOP SIGN"
"680013","CR-0000089229","0","0","0","0","21-321-0804","False","False","27","11/17/2021 7:06:00 PM","No Pedestrians Involved","Dry","No Unusual Conditions","Daylight","Violation Driver 1","No Controls Present/Factor","Clear","Rear End","Related","Parked Vehicle","Not Applicable","Not Applicable","North Of",""
"680014","CR-0000089239","0","0","0","0","21-322-0531","False","False","79","11/18/2021 1:58:00 PM","No Pedestrians Involved","Dry","No Unusual Conditions","Daylight","Violation Driver 1","No Controls Present/Factor","Cloudy","Sideswipe","Non-Related","Other Vehicle","Not Applicable","Not Applicable","East Of","CITY VEHICLE"
"680015","CR-0000089236","0","0","0","0","21-322-0155","False","False","","11/18/2021 7:37:00 AM","No Pedestrians Involved","Dry","No Unusual Conditions","Daylight","Violation Driver 1","Controls Functioning","Clear","Sideswipe","Non-Related","Other Vehicle","Not Applicable","Not Applicable","North Of",""
"680016","CR-0000089248","2","1","0","0","21-322-0468","False","False","0","11/18/2021 1:20:00 PM","No Pedestrians Involved","Dry","No Unusual Conditions","Daylight","Violation Driver 1","Controls Functioning","Cloudy","Broadside","Intersection","Other Vehicle","Not Applicable","Not Applicable","At",""
"680017","CR-0000089258","1","0","0","0","21-323-0823","False","False","30","11/19/2021 6:44:00 PM","No Pedestrians Involved","Dry","No Unusual Conditions","Dusk - Dawn","Violation Driver 1","Controls Functioning","Clear","Rear End","Related","Other Vehicle","Not Applicable","Not Applicable","South Of",""
"680018","CR-0000089238","0","0","0","0","21-322-0063","False","False","80","11/18/2021 1:57:00 AM","No Pedestrians Involved","Dry","No Unusual Conditions","Dark - Street Light","Violation Driver 1","Controls Functioning","Clear","Head On","Non-Related","Parked Vehicle","Not Applicable","Not Applicable","East Of",""
"680019","CR-0000089247","1","0","0","0","21-322-0352","False","False","37","11/18/2021 11:10:00 AM","No Pedestrians Involved","Dry","No Unusual Conditions","Daylight","Violation Driver 1","Controls Functioning","Clear","Rear End","Related","Other Vehicle","Not Applicable","Not Applicable","South Of","CITY VEHICLE"