"CrashFactId","Name","MinorInjuries","ModerateInjuries","SevereInjuries","FatalInjuries","TcrNumber","CityDamageFlag","ShortFormFlag","Distance","CrashDateTime","PedestrianAction","RoadwaySurface","RoadwayCondition","Lighting","PrimaryCollisionFactor","TrafficControl","Weather","CollisionType","ProximityToIntersection","VehicleInvolvedWith","PedestrianDirectionFrom","PedestrianDirectionTo","DirectionFromIntersection","Comment"
"680612","CR-0000089921","4","0","0","0","21-310-0942","False","False","","11/6/2021 10:27:00 PM","No Pedestrians Involved","Dry","No Unusual Conditions","Dark - Street Light","Violation Driver 1","Controls Functioning","Clear","Rear End","Related","Other Vehicle","Not Applicable","Not Applicable","North Of",""
"680613","CR-0000089922","0","0","0","0","21-321-0970","False","False","51","11/6/2021 4:50:00 PM","No Pedestrians Involved","Unknown","Unknown","Daylight","Unknown","Unknown","Unknown","Other","Non-Related","Other Vehicle","Not Applicable","Not Applicable","South Of",""
"680614","CR-0000089923","0","0","1","0","21-311-0514","False","False","0","11/7/2021 12:59:00 PM","Crossing In Crosswalk - At Intersection","Dry","Unknown","Daylight","Violation Driver 1","Unknown","Clear","Vehicle/Pedestrian","Intersection","Pedestrian","South","North","At","PEDESTRIAN"
"680615","CR-0000089924","1","0","0","0","21-311-0608","False","False","0","11/7/2021 2:57:00 PM","No Pedestrians Involved","Dry","No Unusual Conditions","Daylight","Violation Driver 1","No Controls Present/Factor","Clear","Broadside","Intersection","Other Vehicle","Not Applicable","Not Applicable","At",""
"680616","CR-0000089925","1","0","0","0","21-312-0145","False","False","160","11/8/2021 5:59:00 AM","No Pedestrians Involved","Dry","No Unusual Conditions","Daylight","Violation Driver 1","Controls Functioning","Cloudy","Sideswipe","Non-Related","Other Vehicle","Not Applicable","Not Applicable","North Of","ELECTRICAL POLE"
"680617","CR-0000089926","1","0","0","0","21-315-9709","False","True","","11/9/2021 8:35:00 AM","No Pedestrians Involved","Dry","No Unusual Conditions","Daylight","Unknown","Controls Functioning","Clear","Rear End","Related","Other Vehicle","Not Applicable","Not Applicable","East Of",""
"680618","CR-0000089927","1","0","0","0","21-314-0736","False","False","","11/10/2021 5:15:00 PM","No Pedestrians Involved","Dry","No Unusual Conditions","Daylight","Violation Driver 1","Controls Functioning","Clear","Rear End","Related","Other Vehicle","Not Applicable","Not Applicable","North Of",""
"680619","CR-0000089928","0","0","0","0","21-314-0980","False","False","0","11/10/2021 10:59:00 PM","No Pedestrians Involved","Dry","No Unusual Conditions","Dark - Street Light","Violation Driver 1","Controls Functioning","Clear","Sideswipe","Intersection","Other Vehicle","Not Applicable","Not Applicable","At",""
"680620","CR-0000089932","0","0","0","0","21-315-9707","False","True","51","11/10/2021 10:40:00 AM","No Pedestrians Involved","Dry","No Unusual Conditions","Daylight","Unknown","Controls Functioning","Clear","Rear End","Non-Related","Other Vehicle","Not Applicable","Not Applicable","North Of",""
"680621","CR-0000089933","0","0","0","0","21-316-9714","False","True","","11/10/2021 3:50:00 PM","No Pedestrians Involved","Dry","No Unusual Conditions","Daylight","Unknown","Controls Functioning","Clear","Overturned","Related","Other Vehicle","Not Applicable","Not Applicable","Unknown",""
"680622","CR-0000089934","0","0","0","0","22-014-9705","False","True","51","11/11/2021 9:00:00 PM","No Pedestrians Involved","Dry","Unknown","Dark - Street Light","Unknown","Unknown","Clear","Sideswipe","Non-Related","Parked Vehicle","Not Applicable","Not Applicable","Unknown",""
"680623","CR-0000089929","0","0","0","0","21-315-9702","False","True","0","11/10/2021 3:30:00 PM","No Pedestrians Involved","Dry","Unknown","Daylight","Unknown","Unknown","Clear","Sideswipe","Intersection","Other Vehicle","Not Applicable","Not Applicable","At",""
"680624","CR-0000089930","1","0","0","0","21-316-9703","False","True","51","11/10/2021 8:48:00 PM","No Pedestrians Involved","Dry","Unknown","Dark - Street Light","Unknown","Unknown","Clear","Sideswipe","Non-Related","Parked Vehicle","Not Applicable","Not Applicable","South Of",""
"680625","CR-0000089931","0","0","0","0","21-321-9703","False","True","51","11/10/2021 10:00:00 PM","No Pedestrians Involved","Dry","No Unusual Conditions","Dark - Street Light","Unknown","No Controls Present/Factor","Cloudy","Broadside","Non-Related","Other Vehicle","Not Applicable","Not Applicable","East Of",""
"680626","CR-0000089935","0","0","0","0","21-323-9706","False","True","51","11/11/2021 11:08:00 AM","No Pedestrians Involved","Dry","No Unusual Conditions","Daylight","Unknown","No Controls Present/Factor","Clear","Other","Non-Related","Parked Vehicle","Not Applicable","Not Applicable","North Of",""
"680627","CR-0000089936","0","0","0","0","21-316-9708","False","True","0","11/11/2021 4:00:00 PM","No Pedestrians Involved","Dry","No Unusual Conditions","Daylight","Unknown","Controls Functioning","Clear","Sideswipe","Intersection","Motorcycle","Not Applicable","Not Applicable","At",""
"680628","CR-0000089937","0","0","0","0","21-317-9703","False","True","","11/12/2021 6:58:00 PM","No Pedestrians Involved","Dry","Unknown","Dark - Street Light","Unknown","Controls Functioning","Clear","Sideswipe","Related","Other Vehicle","Not Applicable","Not Applicable","West Of",""
"680629","CR-0000089938","0","0","0","0","21-323-9707","False","True","","11/12/2021 9:50:00 PM","No Pedestrians Involved","Dry","No Unusual Conditions","Dark - Street Light","Unknown","Controls Functioning","Clear","Rear End","Related","Other Vehicle","Not Applicable","Not Applicable","North Of",""
"680630","CR-0000089939","0","0","0","0","21-316-9710","False","True","0","11/12/2021 2:00:00 AM","No Pedestrians Involved","Dry","No Unusual Conditions","Dark - Street Light","Unknown","No Controls Present/Factor","Clear","Sideswipe","Intersection","Other Vehicle","Not Applicable","Not Applicable","At",""
"680631","CR-0000089940","0","1","0","0","21-317-0516","False","False","","11/13/2021 1:53:00 PM","No Pedestrians Involved","Dry","No Unusual Conditions","Daylight","Violation Driver 1","Unknown","Clear","Sideswipe","Related","Other Vehicle","Not Applicable","Not Applicable","West Of",""
"680632","CR-0000089941","1","0","0","0","21-317-1122","False","False","0","11/13/2021 11:27:00 PM","No Pedestrians Involved","Dry","No Unusual Conditions","Dark - Street Light","Violation Driver 1","Controls Functioning","Cloudy","Broadside","Intersection","Other Vehicle","Not Applicable","Not Applicable","At",""
"680633","CR-0000089942","0","0","0","0","21-011-4001","False","True","51","1/11/2021 10:55:00 AM","No Pedestrians Involved","Unknown","Unknown","Daylight","Unknown","Unknown","Unknown","Sideswipe","Non-Related","Parked Vehicle","Not Applicable","Not Applicable","West Of",""
"680634","CR-0000089943","0","0","0","0","21-011-4003","False","True","0","1/11/2021 12:30:00 PM","No Pedestrians Involved","Unknown","Unknown","Daylight","Unknown","Unknown","Unknown","Rear End","Intersection","Other Vehicle","Not Applicable","Not Applicable","At",""
"680635","CR-0000089944","0","0","0","0","21-014-4003","False","True","51","1/12/2021 9:00:00 PM","No Pedestrians Involved","Unknown","Unknown","Unknown","Unknown","Unknown","Unknown","Broadside","Non-Related","Other Vehicle","Not Applicable","Not Applicable","South Of",""
"680636","CR-0000089945","0","0","0","0","21-014-4000","False","True","51","1/14/2021 6:35:00 AM","No Pedestrians Involved","Unknown","Unknown","Daylight","Unknown","Unknown","Unknown","Rear End","Non-Related","Other Vehicle","Not Applicable","Not Applicable","Unknown",""
"680637","CR-0000089946","0","0","0","0","21-016-4000","False","True","51","1/15/2021 12:45:00 PM","No Pedestrians Involved","Unknown","Unknown","Daylight","Unknown","Unknown","Unknown","Sideswipe","Non-Related","Other Vehicle","Not Applicable","Not Applicable","East Of",""
"680638","CR-0000089947","0","0","0","0","21-016-4001","False","True","","1/15/2021 5:00:00 PM","No Pedestrians Involved","Unknown","Unknown","Unknown","Unknown","Unknown","Unknown","Sideswipe","Related","Parked Vehicle","Not Applicable","Not Applicable","North Of",""
"680639","CR-0000089948","0","0","0","0","21-017-4002","False","True","51","1/15/2021 11:10:00 PM","No Pedestrians Involved","Unknown","Unknown","Unknown","Unknown","Unknown","Unknown","Broadside","Non-Related","Other Vehicle","Not Applicable","Not Applicable","South Of",""
"680640","CR-0000089949","0","0","0","0","21-017-4000","False","True","","1/16/2021 8:50:00 PM","No Pedestrians Involved","Unknown","Unknown","Unknown","Unknown","Unknown","Unknown","Sideswipe","Related","Other Vehicle","Not Applicable","Not Applicable","Unknown",""
"680641","CR-0000089950","0","0","0","0","21-016-4002","False","True","0","1/16/2021 5:00:00 PM","No Pedestrians Involved","Unknown","Unknown","Unknown","Unknown","Unknown","Unknown","Rear End","Intersection","Other Vehicle","Not Applicable","Not Applicable","At",""
"680642","CR-0000089951","0","0","0","0","21-365-4000","False","True","51","12/30/2021 11:50:00 AM","No Pedestrians Involved","Unknown","Unknown","Unknown","Unknown","Unknown","Unknown","Sideswipe","Non-Related","Parked Vehicle","Not Applicable","Not Applicable","North Of",""
"680643","CR-0000089952","0","0","0","0","21-342-4003","False","True","0","12/8/2021 8:40:00 AM","No Pedestrians Involved","Unknown","Unknown","Daylight","Unknown","Unknown","Unknown","Broadside","Intersection","Other Vehicle","Not Applicable","Not Applicable","At",""
"680644","CR-0000089955","0","0","0","0","21-180-4000","False","True","51","6/29/2021 11:50:00 AM","No Pedestrians Involved","Unknown","Unknown","Daylight","Unknown","Unknown","Unknown","Sideswipe","Non-Related","Parked Vehicle","Not Applicable","Not Applicable","South Of",""
"680645","CR-0000089956","0","0","0","0","21-168-4001","False","True","51","6/11/2021 5:00:00 PM","No Pedestrians Involved","Unknown","Unknown","Daylight","Unknown","Unknown","Unknown","Sideswipe","Non-Related","Other Vehicle","Not Applicable","Not Applicable","East Of",""
"680647","CR-0000089958","1","0","0","0","21-326-1020","False","False","51","11/22/2021 9:00:00 PM","No Pedestrians Involved","Dry","No Unusual Conditions","Dark - Street Light","Violation Driver 1","No Controls Present/Factor","Clear","Sideswipe","Non-Related","Other Object","Not Applicable","Not Applicable","Unknown",""
"680648","CR-0000089959","0","0","0","0","21-326-9712","False","True","0","11/22/2021 12:40:00 PM","No Pedestrians Involved","Dry","No Unusual Conditions","Daylight","Unknown","Controls Functioning","Clear","Rear End","Intersection","Other Vehicle","Not Applicable","Not Applicable","At",""
"680649","CR-0000089960","0","0","0","0","21-327-9713","False","True","51","11/22/2021 1:00:00 PM","No Pedestrians Involved","Dry","No Unusual Conditions","Daylight","Unknown","Controls Functioning","Clear","Rear End","Non-Related","Other Vehicle","Not Applicable","Not Applicable","Unknown",""
"680650","CR-0000089961","1","0","0","0","21-327-0147","False","False","0","11/23/2021 5:56:00 AM","No Pedestrians Involved","Dry","No Unusual Conditions","Daylight","Violation Driver 1","No Controls Present/Factor","Clear","Broadside","Intersection","Other Vehicle","Not Applicable","Not Applicable","At",""
"680651","CR-0000089962","0","0","0","0","21-327-0610","False","True","51","11/23/2021 2:15:00 PM","No Pedestrians Involved","Dry","No Unusual Conditions","Daylight","Unknown","No Controls Present/Factor","Clear","Sideswipe","Non-Related","Parked Vehicle","Not Applicable","Not Applicable","West Of",""
"680652","CR-0000089963","1","0","0","0","21-327-0689","False","False","0","11/23/2021 3:30:00 PM","Crossing - Not In Crosswalk","Dry","No Unusual Conditions","Daylight","Violation Driver 1","Controls Functioning","Clear","Vehicle/Pedestrian","Intersection","Pedestrian","South","North","At","PEDESTRIAN"
"680653","CR-0000089964","1","0","0","0","21-327-0850","False","False","0","11/23/2021 6:21:00 PM","No Pedestrians Involved","Dry","No Unusual Conditions","Dark - Street Light","Violation Driver 1","Controls Functioning","Clear","Broadside","Intersection","Other Vehicle","Not Applicable","Not Applicable","At",""
"680654","CR-0000089965","0","0","0","0","21-328-0970","False","True","","11/23/2021 5:20:00 PM","No Pedestrians Involved","Dry","No Unusual Conditions","Dark - Street Light","Unknown","Controls Functioning","Clear","Rear End","Related","Other Vehicle","Not Applicable","Not Applicable","East Of",""
"680655","CR-0000089966","1","0","0","0","21-328-0996","False","False","0","11/24/2021 11:00:00 PM","In Road - Includes Shoulder","Dry","No Unusual Conditions","Dark - Street Light","Violation Driver 1","Unknown","Clear","Vehicle/Pedestrian","Intersection","Pedestrian","Unknown","Unknown","At","PEDESTRIAN"
"680656","CR-0000089967","1","0","0","0","21-331-0012","False","False","55","11/27/2021 12:05:00 AM","No Pedestrians Involved","Dry","No Unusual Conditions","Dark - Street Light","Violation Driver 1","Controls Functioning","Clear","Rear End","Non-Related","Other Vehicle","Not Applicable","Not Applicable","South Of",""
"680657","CR-0000089968","0","0","0","0","21-331-0123","False","False","0","11/27/2021 2:40:00 AM","No Pedestrians Involved","Dry","No Unusual Conditions","Dark - Street Light","Violation Driver 1","Controls Functioning","Clear","Broadside","Intersection","Other Vehicle","Not Applicable","Not Applicable","At",""
"680658","CR-0000089969","0","0","0","0","21-331-0997","False","False","33","11/27/2021 10:51:00 PM","No Pedestrians Involved","Dry","No Unusual Conditions","Dark - Street Light","Violation Driver 1","Controls Functioning","Clear","Sideswipe","Related","Other Vehicle","Not Applicable","Not Applicable","East Of","CITY OF SAN JOSE VEHICLE INVOLVED"
"680659","CR-0000089970","0","0","0","0","21-333-9701","False","True","51","11/27/2021 5:50:00 PM","No Pedestrians Involved","Dry","No Unusual Conditions","Dark - Street Light","Unknown","Controls Functioning","Clear","Broadside","Non-Related","Other Vehicle","Not Applicable","Not Applicable","West Of",""
"680660","CR-0000089971","1","0","0","0","21-332-0770","False","False","0","11/28/2021 7:39:00 PM","No Pedestrians Involved","Dry","No Unusual Conditions","Dark - Street Light","Violation Driver 1","No Controls Present/Factor","Clear","Broadside","Intersection","Other Vehicle","Not Applicable","Not Applicable","At",""
"680661","CR-0000089972","0","0","1","0","21-332-0793","False","False","51","11/28/2021 5:00:00 PM","Crossing - Not In Crosswalk","Dry","No Unusual Conditions","Daylight","Violation Driver 1","No Controls Present/Factor","Clear","Vehicle/Pedestrian","Non-Related","Pedestrian","North","South","West Of","PEDESTRIAN"
"680662","CR-0000089973","0","0","0","0","21-333-0555","False","False","0","11/29/2021 2:31:00 PM","No Pedestrians Involved","Dry","Unknown","Daylight","Violation Driver 1","Controls Functioning","Clear","Head On","Intersection","Other Vehicle","Not Applicable","Not Applicable","At",""
"680663","CR-0000089974","0","0","0","0","21-333-0789","False","True","0","11/29/2021 6:00:00 PM","No Pedestrians Involved","Unknown","Unknown","Unknown","Unknown","Unknown","Unknown","Broadside","Intersection","Other Vehicle","Not Applicable","Not Applicable","At",""
"680664","CR-0000089975","2","0","0","0","21-333-0858","False","False","0","11/29/2021 7:46:00 PM","No Pedestrians Involved","Dry","No Unusual Conditions","Dark - Street Light","Violation Driver 1","Controls Functioning","Clear","Broadside","Intersection","Other Vehicle","Not Applicable","Not Applicable","At",""
"680665","CR-0000089978","0","0","0","0","21-334-0680","False","True","51","11/30/2021 3:20:00 PM","No Pedestrians Involved","Unknown","Unknown","Daylight","Unknown","Unknown","Unknown","Broadside","Non-Related","Other Vehicle","Not Applicable","Not Applicable","East Of",""
"680666","CR-0000089979","0","1","0","0","21-334-0741","False","False","51","11/30/2021 4:32:00 PM","No Pedestrians Involved","Dry","No Unusual Conditions","Daylight","Violation Driver 1","No Controls Present/Factor","Clear","Vehicle/Bike","Non-Related","Scooter Motorized","Not Applicable","Not Applicable","East Of","BIKE"
"680667","CR-0000089980","1","1","0","0","21-335-0969","False","False","70","12/1/2021 11:06:00 PM","No Pedestrians Involved","Dry","No Unusual Conditions","Dark - Street Light","Violation Driver 1","Controls Functioning","Clear","Rear End","Non-Related","Other Vehicle","Not Applicable","Not Applicable","South Of",""
"680668","CR-0000089982","0","0","0","0","21-337-9702","False","True","","12/1/2021 4:30:00 PM","No Pedestrians Involved","Dry","No Unusual Conditions","Daylight","Unknown","No Controls Present/Factor","Clear","Rear End","Related","Other Vehicle","Not Applicable","Not Applicable","Unknown",""
"680669","CR-0000089983","1","0","0","0","21-336-0531","False","False","0","12/2/2021 1:20:00 PM","Crossing In Crosswalk - At Intersection","Dry","No Unusual Conditions","Daylight","Violation Driver 1","Controls Functioning","Clear","Vehicle/Pedestrian","Intersection","Pedestrian","West","East","At","PEDESTRIAN"
"680670","CR-0000089984","0","1","0","0","21-337-0463","False","False","0","12/3/2021 10:00:00 AM","No Pedestrians Involved","Dry","No Unusual Conditions","Daylight","Violation Driver 2","Controls Functioning","Cloudy","Vehicle/Bike","Intersection","Bike","Not Applicable","Not Applicable","At","BIKE"
"680671","CR-0000089985","1","0","0","0","21-338-0470","False","False","0","12/3/2021 7:00:00 AM","No Pedestrians Involved","Dry","No Unusual Conditions","Daylight","Violation Driver 1","Controls Functioning","Clear","Vehicle/Bike","Intersection","Bike","Not Applicable","Not Applicable","At","BIKE"
"680672","CR-0000089986","0","0","0","0","21-337-0581","False","True","0","12/3/2021 3:42:00 PM","No Pedestrians Involved","Dry","No Unusual Conditions","Daylight","Unknown","Controls Functioning","Clear","Sideswipe","Intersection","Other Vehicle","Not Applicable","Not Applicable","At",""
"680673","CR-0000089987","0","0","0","1","21-340-0827","False","False","","12/6/2021 7:27:00 PM","In Road - Includes Shoulder","Dry","No Unusual Conditions","Dark - Street Light","Unknown","Controls Functioning","Cloudy","Vehicle/Pedestrian","Related","Pedestrian","West","East","West Of",""
"680674","CR-0000089988","0","1","0","0","21-337-0825","False","False","0","12/3/2021 7:15:00 PM","No Pedestrians Involved","Dry","No Unusual Conditions","Dark - Street Light","Violation Driver 1","Controls Functioning","Clear","Head On","Intersection","Other Vehicle","Not Applicable","Not Applicable","At",""
"680675","CR-0000089991","0","0","0","0","21-338-9704","False","True","0","12/4/2021 5:54:00 AM","No Pedestrians Involved","Dry","No Unusual Conditions","Dusk - Dawn","Unknown","Unknown","Clear","Sideswipe","Intersection","Other Vehicle","Not Applicable","Not Applicable","At",""
"680676","CR-0000089992","0","1","0","0","21-339-0419","False","False","51","12/5/2021 12:29:00 PM","In Road - Includes Shoulder","Dry","No Unusual Conditions","Daylight","Violation Driver 1","No Controls Present/Factor","Clear","Vehicle/Pedestrian","Non-Related","Pedestrian","Unknown","Unknown","Unknown","PEDESTRIAN"
"680677","CR-0000089993","0","2","0","0","21-339-0475","False","False","486","12/5/2021 1:40:00 PM","Crossing In Crosswalk - Not At Intersection","Dry","No Unusual Conditions","Daylight","Violation Driver 1","No Controls Present/Factor","Clear","Vehicle/Pedestrian","Non-Related","Pedestrian","West","East","South Of","PEDESTRIAN"
"680678","CR-0000089994","2","0","0","0","21-339-0748","False","False","0","12/5/2021 7:21:00 PM","No Pedestrians Involved","Dry","No Unusual Conditions","Dark - Street Light","Violation Driver 1","No Controls Present/Factor","Clear","Broadside","Intersection","Other Vehicle","Not Applicable","Not Applicable","At",""
"680679","CR-0000089996","0","1","0","0","21-340-0210","False","False","90","12/6/2021 8:34:00 AM","No Pedestrians Involved","Dry","No Unusual Conditions","Daylight","Violation Driver 1","No Controls Present/Factor","Clear","Rear End","Non-Related","Other Vehicle","Not Applicable","Not Applicable","East Of",""
"680680","CR-0000089997","0","1","0","0","21-340-0315","True","False","36","12/6/2021 10:36:00 AM","No Pedestrians Involved","Dry","No Unusual Conditions","Daylight","Violation Driver 1","Controls Functioning","Cloudy","Broadside","Related","Other Vehicle","Not Applicable","Not Applicable","South Of","LIGHT POLE"
"680681","CR-0000089998","1","1","0","0","21-340-0436","True","False","0","12/6/2021 12:54:00 PM","No Pedestrians Involved","Dry","No Unusual Conditions","Daylight","Violation Driver 1","Controls Functioning","Cloudy","Broadside","Intersection","Other Vehicle","Not Applicable","Not Applicable","At","GUARDRAIL"
"680682","CR-0000089999","1","0","0","0","21-340-0620","False","False","160","12/6/2021 4:22:00 PM","No Pedestrians Involved","Dry","No Unusual Conditions","Daylight","Violation Driver 1","Controls Functioning","Clear","Rear End","Non-Related","Other Vehicle","Not Applicable","Not Applicable","South Of",""
"680683","CR-0000090000","1","0","0","0","21-340-0802","True","False","0","12/6/2021 7:12:00 PM","No Pedestrians Involved","Dry","No Unusual Conditions","Dark - Street Light","Violation Driver 1","Controls Functioning","Clear","Hit Object","Intersection","Fixed Object","Not Applicable","Not Applicable","At","POLE (TELEPHONE???)"
"680684","CR-0000090001","0","0","0","0","21-349-0021","False","False","0","12/15/2021 12:10:00 AM","No Pedestrians Involved","Dry","No Unusual Conditions","Dark - Street Light","Violation Driver 1","No Controls Present/Factor","Clear","Sideswipe","Intersection","Parked Vehicle","Not Applicable","Not Applicable","At",""
"680685","CR-0000090002","0","0","0","0","21-065-4003","False","True","51","3/6/2021 12:05:00 PM","No Pedestrians Involved","Unknown","Unknown","Daylight","Unknown","Unknown","Unknown","Other","Non-Related","Other Vehicle","Not Applicable","Not Applicable","West Of",""
"680686","CR-0000090003","0","0","0","0","21-049-4001","False","True","","2/18/2021 12:50:00 PM","No Pedestrians Involved","Unknown","Unknown","Daylight","Unknown","Unknown","Unknown","Rear End","Related","Other Vehicle","Not Applicable","Not Applicable","Unknown",""
"680687","CR-0000090005","0","0","0","0","21-307-9704","False","True","51","10/31/2021 12:00:00 AM","No Pedestrians Involved","Dry","No Unusual Conditions","Dark - Street Light","Unknown","No Controls Present/Factor","Clear","Rear End","Non-Related","Parked Vehicle","Not Applicable","Not Applicable","West Of",""
"680688","CR-0000090006","1","0","0","0","21-348-0714","False","False","0","12/14/2021 5:30:00 PM","No Pedestrians Involved","Dry","No Unusual Conditions","Dark - Street Light","Violation Driver 1","Controls Functioning","Clear","Broadside","Intersection","Other Vehicle","Not Applicable","Not Applicable","At",""
"680689","CR-0000090004","0","1","0","0","21-262-0074","False","False","30","9/19/2021 12:49:00 AM","No Pedestrians Involved","Dry","No Unusual Conditions","Dark - Street Light","Violation Driver 1","No Controls Present/Factor","Clear","Vehicle/Bike","Related","Bike","Not Applicable","Not Applicable","East Of","BIKE"
"680690","CR-0000090007","0","0","0","0","21-324-9709","False","True","","11/19/2021 6:55:00 AM","No Pedestrians Involved","Dry","No Unusual Conditions","Dark - Street Light","Unknown","Controls Functioning","Other","Rear End","Related","Other Vehicle","Not Applicable","Not Applicable","East Of",""
"680691","CR-0000090008","0","1","0","0","21-324-0027","False","False","94","11/20/2021 12:32:00 AM","In Road - Includes Shoulder","Dry","Unknown","Dark - Street Light","Violation Driver 1","Controls Functioning","Clear","Vehicle/Pedestrian","Non-Related","Pedestrian","West","East","West Of","PEDESTRIAN (SCOOTER)"
"680692","CR-0000090009","0","1","0","0","21-324-0617","False","False","48","11/20/2021 4:49:00 PM","No Pedestrians Involved","Dry","No Unusual Conditions","Dark - Street Light","Violation Driver 1","Controls Functioning","Clear","Sideswipe","Related","Motorcycle","Not Applicable","Not Applicable","West Of",""
"680693","CR-0000090010","0","0","0","0","21-324-9705","False","True","51","11/20/2021 9:30:00 AM","No Pedestrians Involved","Unknown","Unknown","Dark - Street Light","Unknown","Unknown","Other","Rear End","Non-Related","Parked Vehicle","Not Applicable","Not Applicable","East Of",""
"680694","CR-0000090011","0","0","0","0","21-324-9708","False","True","","11/20/2021 11:45:00 AM","No Pedestrians Involved","Dry","No Unusual Conditions","Daylight","Unknown","Controls Functioning","Clear","Rear End","Related","Other Vehicle","Not Applicable","Not Applicable","East Of",""
"680695","CR-0000090012","0","0","0","0","21-066-4000","False","True","51","3/7/2021 4:09:00 AM","No Pedestrians Involved","Unknown","Unknown","Unknown","Unknown","Unknown","Unknown","Other","Non-Related","Other Vehicle","Not Applicable","Not Applicable","North Of",""
"680696","CR-0000090013","0","0","0","0","21-064-4001","False","True","","2/27/2021 11:00:00 PM","No Pedestrians Involved","Unknown","Unknown","Unknown","Unknown","Unknown","Unknown","Sideswipe","Related","Unknown","Not Applicable","Not Applicable","Unknown",""
"680697","CR-0000090014","0","0","0","0","21-063-4001","False","True","","2/27/2021 8:00:00 PM","No Pedestrians Involved","Unknown","Unknown","Unknown","Unknown","Unknown","Unknown","Rear End","Related","Other Vehicle","Not Applicable","Not Applicable","Unknown",""
"680698","CR-0000090015","0","0","0","0","21-063-4000","False","True","51","2/24/2021 4:45:00 PM","No Pedestrians Involved","Unknown","Unknown","Daylight","Unknown","Unknown","Unknown","Sideswipe","Non-Related","Other Vehicle","Not Applicable","Not Applicable","North Of",""
"680699","CR-0000090016","1","0","0","0","21-058-4001","False","True","","2/26/2021 12:40:00 PM","No Pedestrians Involved","Unknown","Unknown","Daylight","Unknown","Unknown","Unknown","Sideswipe","Related","Other Vehicle","Not Applicable","Not Applicable","East Of",""
"680700","CR-0000090017","0","0","0","0","21-058-4002","False","True","0","2/27/2021 1:30:00 PM","No Pedestrians Involved","Unknown","Unknown","Daylight","Unknown","Unknown","Unknown","Rear End","Intersection","Other Vehicle","Not Applicable","Not Applicable","At",""
"680701","CR-0000090018","0","0","0","0","21-060-4003","False","True","","1/29/2021 2:35:00 PM","No Pedestrians Involved","Unknown","Unknown","Daylight","Unknown","Unknown","Unknown","Other","Related","Unknown","Not Applicable","Not Applicable","South Of",""
"680702","CR-0000090019","0","0","0","0","21-064-4000","False","True","51","3/4/2021 11:32:00 PM","No Pedestrians Involved","Unknown","Unknown","Unknown","Unknown","Unknown","Unknown","Rear End","Non-Related","Other Vehicle","Not Applicable","Not Applicable","South Of",""
"680703","CR-0000090020","0","0","0","0","21-065-4000","False","True","","3/4/2021 4:30:00 PM","No Pedestrians Involved","Unknown","Unknown","Daylight","Unknown","Unknown","Unknown","Sideswipe","Related","Unknown","Not Applicable","Not Applicable","West Of",""
"680704","CR-0000090021","0","0","0","0","21-064-4002","False","True","0","3/5/2021 3:00:00 PM","No Pedestrians Involved","Unknown","Unknown","Daylight","Unknown","Unknown","Unknown","Rear End","Intersection","Other Vehicle","Not Applicable","Not Applicable","At",""
"680705","CR-0000090022","0","0","0","0","21-066-4001","False","True","51","3/6/2021 2:10:00 AM","No Pedestrians Involved","Unknown","Unknown","Unknown","Unknown","Unknown","Unknown","Sideswipe","Non-Related","Unknown","Not Applicable","Not Applicable","South Of",""
"680706","CR-0000090023","0","0","0","0","21-340-4000","False","True","51","12/6/2021 9:40:00 AM","No Pedestrians Involved","Unknown","Unknown","Daylight","Unknown","Unknown","Unknown","Other","Non-Related","Parked Vehicle","Not Applicable","Not Applicable","West Of",""
"680707","CR-0000090024","0","0","0","0","21-348-0933","False","False","","12/14/2021 10:18:00 PM","No Pedestrians Involved","Dry","No Unusual Conditions","Dark - Street Light","Violation Driver 1","No Controls Present/Factor","Clear","Head On","Related","Parked Vehicle","Not Applicable","Not Applicable","North Of",""
"680708","CR-0000090025","0","0","0","0","21-054-4000","False","True","0","2/23/2021 7:00:00 AM","No Pedestrians Involved","Unknown","Unknown","Daylight","Unknown","Unknown","Unknown","Broadside","Intersection","Other Vehicle","Not Applicable","Not Applicable","At",""
"680709","CR-0000090026","0","0","0","0","21-053-4002","False","True","","2/21/2021 2:55:00 AM","No Pedestrians Involved","Unknown","Unknown","Unknown","Unknown","Unknown","Unknown","Sideswipe","Related","Parked Vehicle","Not Applicable","Not Applicable","South Of",""
"680710","CR-0000090027","0","0","0","0","21-053-4000","False","True","","2/21/2021 12:15:00 AM","No Pedestrians Involved","Unknown","Unknown","Unknown","Unknown","Unknown","Unknown","Rear End","Related","Other Vehicle","Not Applicable","Not Applicable","West Of",""
"680711","CR-0000090028","0","0","0","0","21-052-4000","False","True","51","2/20/2021 10:30:00 PM","No Pedestrians Involved","Unknown","Unknown","Unknown","Unknown","Unknown","Unknown","Sideswipe","Non-Related","Other Vehicle","Not Applicable","Not Applicable","South Of",""
"680712","CR-0000090029","0","0","0","0","21-051-4001","False","True","51","2/20/2021 9:30:00 AM","No Pedestrians Involved","Unknown","Unknown","Unknown","Unknown","Unknown","Unknown","Sideswipe","Non-Related","Unknown","Not Applicable","Not Applicable","South Of",""
"680713","CR-0000090030","0","0","0","0","21-051-4000","False","True","","2/20/2021 3:00:00 AM","No Pedestrians Involved","Wet","Unknown","Unknown","Unknown","Unknown","Rain","Other","Non-Related","Other Vehicle","Not Applicable","Not Applicable","West Of",""
"680714","CR-0000090031","0","0","0","0","21-050-4001","False","True","","2/19/2021 10:15:00 AM","No Pedestrians Involved","Unknown","Unknown","Daylight","Unknown","Unknown","Unknown","Rear End","Related","Other Vehicle","Not Applicable","Not Applicable","West Of",""