"CrashFactId","Name","MinorInjuries","ModerateInjuries","SevereInjuries","FatalInjuries","TcrNumber","CityDamageFlag","ShortFormFlag","Distance","CrashDateTime","PedestrianAction","RoadwaySurface","RoadwayCondition","Lighting","PrimaryCollisionFactor","TrafficControl","Weather","CollisionType","ProximityToIntersection","VehicleInvolvedWith","PedestrianDirectionFrom","PedestrianDirectionTo","DirectionFromIntersection","Comment"
"682898","CR-0000092482","2","1","0","0","22-165-0149","False","False","0","6/14/2022 5:45:00 AM","In Road - Includes Shoulder","Dry","No Unusual Conditions","Dusk - Dawn","Violation Driver 1","Controls Functioning","Clear","Vehicle/Pedestrian","Intersection","Pedestrian","Unknown","Unknown","At","PEDESTRIAN"
"682899","CR-0000092467","1","0","0","0","22-040-0128","False","False","0","2/9/2022 2:54:00 AM","No Pedestrians Involved","Dry","No Unusual Conditions","Dark - Street Light","Violation Driver 1","Controls Functioning","Clear","Head On","Intersection","Other Vehicle","Not Applicable","Not Applicable","At",""
"682900","CR-0000092494","0","0","0","0","22-172-0997","False","False","189","6/21/2022 10:00:00 PM","No Pedestrians Involved","Unknown","No Unusual Conditions","Dark - Street Light","Violation Driver 1","No Controls Present/Factor","Clear","Rear End","Non-Related","Parked Vehicle","Not Applicable","Not Applicable","South Of",""
"682901","CR-0000092500","0","0","0","0","22-177-0172","False","False","216","6/26/2022 5:00:00 AM","No Pedestrians Involved","Dry","No Unusual Conditions","Daylight","Violation Driver 1","No Controls Present/Factor","Clear","Rear End","Non-Related","Parked Vehicle","Not Applicable","Not Applicable","East Of",""
"682902","CR-0000092490","1","0","0","0","22-051-9707","False","True","0","2/15/2022 4:20:00 PM","No Pedestrians Involved","Dry","No Unusual Conditions","Daylight","Unknown","Controls Functioning","Clear","Rear End","Intersection","Other Vehicle","Not Applicable","Not Applicable","At",""
"682903","CR-0000092476","1","0","0","0","22-043-0039","False","False","264","2/12/2022 12:40:00 AM","No Pedestrians Involved","Dry","No Unusual Conditions","Dark - Street Light","Violation Driver 1","Controls Functioning","Clear","Head On","Non-Related","Other Vehicle","Not Applicable","Not Applicable","North Of",""
"682904","CR-0000092493","1","0","0","0","22-033-0628","False","False","30","2/2/2022 3:51:00 PM","No Pedestrians Involved","Dry","No Unusual Conditions","Daylight","Violation Driver 1","Controls Functioning","Clear","Broadside","Related","Other Vehicle","Not Applicable","Not Applicable","West Of",""
"682905","CR-0000092481","1","0","0","0","22-041-0833","False","False","0","2/10/2022 5:55:00 PM","No Pedestrians Involved","Dry","No Unusual Conditions","Daylight","Violation Driver 1","Controls Functioning","Clear","Broadside","Intersection","Motor Vehicle On Other Roadway","Not Applicable","Not Applicable","At",""
"682906","CR-0000092475","0","0","1","0","22-043-0793","False","False","147","2/12/2022 7:45:00 PM","In Road - Includes Shoulder","Dry","No Unusual Conditions","Dark - Street Light","Pedestrian At Fault","No Controls Present/Factor","Clear","Vehicle/Pedestrian","Non-Related","Pedestrian","West","East","South Of","PED"
"682907","CR-0000092472","0","0","0","0","22-049-4001","False","True","51","2/18/2022 3:00:00 PM","No Pedestrians Involved","Unknown","Unknown","Daylight","Unknown","Unknown","Unknown","Sideswipe","Non-Related","Parked Vehicle","Not Applicable","Not Applicable","South Of",""
"682908","CR-0000092486","1","0","0","0","22-054-0458","False","False","24","2/23/2022 12:40:00 PM","No Pedestrians Involved","Dry","No Unusual Conditions","Daylight","Violation Driver 2","No Controls Present/Factor","Clear","Broadside","Related","Other Vehicle","Not Applicable","Not Applicable","North Of",""
"682909","CR-0000092468","1","0","0","0","22-061-9709","False","True","0","2/20/2022 11:38:00 AM","Crossing In Crosswalk - At Intersection","Dry","No Unusual Conditions","Daylight","Unknown","Controls Functioning","Unknown","Vehicle/Pedestrian","Intersection","Pedestrian","South","North","At","PED"
"682910","CR-0000092489","1","0","0","0","22-051-9704","False","True","0","2/17/2022 5:10:00 PM","No Pedestrians Involved","Dry","No Unusual Conditions","Daylight","Unknown","Controls Functioning","Clear","Rear End","Intersection","Other Vehicle","Not Applicable","Not Applicable","At",""
"682911","CR-0000092477","1","0","0","0","22-042-0239","False","False","0","2/11/2022 10:03:00 AM","Crossing In Crosswalk - At Intersection","Dry","No Unusual Conditions","Daylight","Violation Driver 1","Controls Functioning","Clear","Vehicle/Pedestrian","Intersection","Pedestrian","South","North","At","PED"
"682912","CR-0000092502","2","0","0","0","22-177-0282","False","False","0","6/26/2022 9:17:00 AM","No Pedestrians Involved","Dry","No Unusual Conditions","Daylight","Violation Driver 1","Controls Functioning","Clear","Broadside","Intersection","Other Vehicle","Not Applicable","Not Applicable","At",""
"682913","CR-0000092495","0","0","0","0","22-173-0327","False","False","25","6/22/2022 11:05:00 AM","No Pedestrians Involved","Dry","No Unusual Conditions","Daylight","Violation Driver 1","Controls Functioning","Clear","Sideswipe","Related","Other Vehicle","Not Applicable","Not Applicable","West Of",""
"682914","CR-0000092470","0","0","0","0","22-048-4001","False","True","51","2/17/2022 3:10:00 PM","No Pedestrians Involved","Unknown","Unknown","Daylight","Unknown","Unknown","Unknown","Other","Non-Related","Other Vehicle","Not Applicable","Not Applicable","East Of",""
"682915","CR-0000092471","0","0","0","0","22-049-4000","False","True","0","2/17/2022 7:00:00 PM","No Pedestrians Involved","Unknown","Unknown","Daylight","Unknown","Unknown","Unknown","Sideswipe","Intersection","Other Vehicle","Not Applicable","Not Applicable","At",""
"682916","CR-0000092505","1","0","0","0","22-181-0238","False","False","51","6/30/2022 9:40:00 AM","No Pedestrians Involved","Dry","No Unusual Conditions","Daylight","Bike At Fault","No Controls Present/Factor","Clear","Vehicle/Bike","Non-Related","Bike","Not Applicable","Not Applicable","East Of","BIKE"
"682917","CR-0000092469","0","0","0","0","22-048-4002","False","True","0","2/17/2022 8:53:00 AM","No Pedestrians Involved","Unknown","Unknown","Daylight","Unknown","Unknown","Unknown","Other","Intersection","Parked Vehicle","Not Applicable","Not Applicable","At",""
"682918","CR-0000092487","2","0","0","0","22-050-9704","False","True","0","2/10/2022 5:20:00 PM","No Pedestrians Involved","Dry","No Unusual Conditions","Dusk - Dawn","Unknown","Controls Functioning","Unknown","Rear End","Intersection","Other Vehicle","Not Applicable","Not Applicable","At",""
"682919","CR-0000092478","2","0","0","0","22-041-0853","True","False","342","2/10/2022 6:18:00 PM","No Pedestrians Involved","Dry","No Unusual Conditions","Dark - Street Light","Violation Driver 1","Controls Functioning","Clear","Rear End","Non-Related","Other Vehicle","Not Applicable","Not Applicable","East Of","TREE"
"682920","CR-0000092485","1","0","0","0","22-169-0570","False","False","42","6/18/2022 3:48:00 PM","No Pedestrians Involved","Dry","No Unusual Conditions","Daylight","Violation Driver 1","No Controls Present/Factor","Clear","Rear End","Related","Other Vehicle","Not Applicable","Not Applicable","North Of",""
"682921","CR-0000092498","1","0","0","0","22-174-0411","False","False","0","6/23/2022 12:43:00 PM","No Pedestrians Involved","Dry","Unknown","Daylight","Violation Driver 1","Controls Functioning","Clear","Rear End","Intersection","Other Vehicle","Not Applicable","Not Applicable","At",""
"682922","CR-0000092492","0","1","0","0","22-172-0960","False","False","95","6/21/2022 9:42:00 PM","No Pedestrians Involved","Dry","No Unusual Conditions","Dark - Street Light","Violation Driver 1","No Controls Present/Factor","Clear","Rear End","Non-Related","Other Vehicle","Not Applicable","Not Applicable","South Of",""
"682923","CR-0000092504","0","1","0","0","22-180-0869","False","False","0","6/29/2022 8:46:00 PM","No Pedestrians Involved","Dry","No Unusual Conditions","Dusk - Dawn","Unknown","Controls Functioning","Clear","Broadside","Intersection","Motorcycle","Not Applicable","Not Applicable","At",""
"682924","CR-0000092484","1","0","0","0","22-168-0468","False","False","51","6/17/2022 2:06:00 PM","No Pedestrians Involved","Dry","No Unusual Conditions","Daylight","Violation Driver 1","Controls Functioning","Clear","Rear End","Non-Related","Other Vehicle","Not Applicable","Not Applicable","East Of",""
"682925","CR-0000092463","0","0","0","0","22-046-4003","False","True","51","2/12/2022 4:15:00 PM","No Pedestrians Involved","Unknown","Unknown","Daylight","Unknown","Unknown","Unknown","Rear End","Non-Related","Parked Vehicle","Not Applicable","Not Applicable","East Of",""
"682926","CR-0000092480","1","0","0","0","22-050-0765","False","False","420","2/19/2022 8:33:00 PM","Not In Road","Dry","No Unusual Conditions","Dark - Street Light","Violation Driver 1","No Controls Present/Factor","Clear","Vehicle/Pedestrian","Non-Related","Pedestrian","No Direction (Not Walking)","No Direction (Not Walking)","North Of","PED"
"682927","CR-0000092511","0","0","0","0","22-159-0626","False","False","0","6/8/2022 3:15:00 PM","No Pedestrians Involved","Dry","No Unusual Conditions","Daylight","Violation Driver 1","Controls Functioning","Clear","Rear End","Intersection","Other Vehicle","Not Applicable","Not Applicable","At",""
"682928","CR-0000092520","0","0","0","0","22-160-0809","False","False","200","6/9/2022 7:40:00 PM","No Pedestrians Involved","Dry","No Unusual Conditions","Dark - Street Light","Violation Driver 1","No Controls Present/Factor","Clear","Sideswipe","Non-Related","Other Vehicle","Not Applicable","Not Applicable","South Of",""
"682929","CR-0000092587","0","0","0","0","22-175-0065","False","False","500","6/24/2022 1:32:00 AM","No Pedestrians Involved","Dry","No Unusual Conditions","Dark - Street Light","Unknown","No Controls Present/Factor","Clear","Sideswipe","Non-Related","Parked Vehicle","Not Applicable","Not Applicable","West Of",""
"682930","CR-0000092523","0","0","0","0","22-163-9704","False","True","0","6/9/2022 2:20:00 PM","No Pedestrians Involved","Dry","No Unusual Conditions","Daylight","Violation Driver 1","Controls Functioning","Clear","Rear End","Intersection","Other Vehicle","Not Applicable","Not Applicable","At",""
"682931","CR-0000092554","0","0","0","0","22-165-0659","True","False","122","6/14/2022 4:22:00 PM","No Pedestrians Involved","Dry","No Unusual Conditions","Dark - Street Light","Violation Driver 1","No Controls Present/Factor","Clear","Hit Object","Non-Related","Fixed Object","Not Applicable","Not Applicable","South Of","LIGHT POLE"
"682932","CR-0000092521","0","0","0","0","22-163-9702","False","True","0","6/9/2022 4:08:00 PM","No Pedestrians Involved","Dry","No Unusual Conditions","Daylight","Unknown","Controls Functioning","Clear","Rear End","Intersection","Other Vehicle","Not Applicable","Not Applicable","At",""
"682933","CR-0000092589","1","0","0","0","22-125-0135","False","False","270","5/5/2022 6:32:00 AM","No Pedestrians Involved","Dry","No Unusual Conditions","Dusk - Dawn","Violation Driver 1","Controls Functioning","Cloudy","Sideswipe","Non-Related","Other Vehicle","Not Applicable","Not Applicable","North Of",""
"682934","CR-0000092596","1","1","0","0","22-175-0907","False","False","0","6/24/2022 7:00:00 PM","No Pedestrians Involved","Dry","No Unusual Conditions","Daylight","Violation Driver 1","Controls Functioning","Clear","Broadside","Intersection","Other Vehicle","Not Applicable","Not Applicable","At",""
"682935","CR-0000092562","2","1","0","0","22-166-0575","False","False","0","6/15/2022 4:30:00 PM","No Pedestrians Involved","Dry","No Unusual Conditions","Daylight","Violation Driver 1","No Controls Present/Factor","Clear","Head On","Intersection","Other Vehicle","Not Applicable","Not Applicable","At",""
"682936","CR-0000092549","0","0","0","0","22-165-0229","True","False","0","6/14/2022 8:25:00 AM","No Pedestrians Involved","Dry","No Unusual Conditions","Daylight","Violation Driver 1","Unknown","Clear","Hit Object","Related","Fixed Object","Not Applicable","Not Applicable","At","ELECTRICAL BOX"
"682937","CR-0000092545","0","0","0","0","22-162-0951","False","False","0","6/11/2022 10:35:00 PM","No Pedestrians Involved","Dry","No Unusual Conditions","Dark - Street Light","Violation Driver 1","Controls Functioning","Clear","Sideswipe","Intersection","Other Vehicle","Not Applicable","Not Applicable","At",""
"682938","CR-0000092527","0","0","0","0","22-162-0181","True","False","575","6/11/2022 4:03:00 AM","No Pedestrians Involved","Dry","No Unusual Conditions","Dark - Street Light","Violation Driver 1","Controls Functioning","Clear","Overturned","Non-Related","Fixed Object","Not Applicable","Not Applicable","West Of","TREE"
"682939","CR-0000092580","0","0","0","0","22-174-0815","False","False","0","6/23/2022 7:50:00 PM","No Pedestrians Involved","Dry","No Unusual Conditions","Unknown","Violation Driver 1","Controls Functioning","Clear","Broadside","Intersection","Other Vehicle","Not Applicable","Not Applicable","At",""
"682940","CR-0000092558","0","0","0","0","22-171-0655","False","False","0","6/20/2022 4:40:00 PM","No Pedestrians Involved","Dry","No Unusual Conditions","Daylight","Violation Driver 1","Controls Functioning","Clear","Rear End","Intersection","Other Vehicle","Not Applicable","Not Applicable","At",""
"682941","CR-0000092573","0","1","0","0","22-166-0880","False","False","20","6/15/2022 10:02:00 PM","No Pedestrians Involved","Dry","No Unusual Conditions","Unknown","Unknown","Controls Functioning","Clear","Vehicle/Bike","Related","Bike","Not Applicable","Not Applicable","East Of","BIKE"
"682942","CR-0000092566","0","1","0","0","22-166-0739","False","False","100","6/15/2022 7:22:00 PM","No Pedestrians Involved","Dry","No Unusual Conditions","Daylight","Violation Driver 1","No Controls Present/Factor","Clear","Broadside","Non-Related","Motorcycle","Not Applicable","Not Applicable","West Of",""
"682943","CR-0000092536","0","0","0","0","22-163-0334","False","False","80","6/11/2022 9:30:00 AM","No Pedestrians Involved","Dry","No Unusual Conditions","Daylight","Violation Driver 1","No Controls Present/Factor","Clear","Sideswipe","Non-Related","Parked Vehicle","Not Applicable","Not Applicable","West Of",""
"682944","CR-0000092513","0","0","0","0","22-160-0190","False","False","20","6/9/2022 8:32:00 AM","No Pedestrians Involved","Dry","No Unusual Conditions","Daylight","Violation Driver 1","Controls Functioning","Clear","Rear End","Related","Other Vehicle","Not Applicable","Not Applicable","West Of",""
"682945","CR-0000092548","0","0","0","0","22-165-0117","True","False","0","6/14/2022 3:48:00 AM","No Pedestrians Involved","Dry","No Unusual Conditions","Dark - Street Light","Violation Driver 1","No Controls Present/Factor","Clear","Head On","Driveway","Fixed Object","Not Applicable","Not Applicable","At","LIGHT POLE"
"682946","CR-0000092544","0","0","0","0","22-171-0174","False","False","0","6/20/2022 6:31:00 AM","No Pedestrians Involved","Dry","No Unusual Conditions","Daylight","Violation Driver 1","No Controls Present/Factor","Clear","Broadside","Intersection","Other Vehicle","Not Applicable","Not Applicable","At",""
"682947","CR-0000092532","0","0","0","0","22-162-0232","True","False","16","6/11/2022 7:25:00 AM","No Pedestrians Involved","Dry","No Unusual Conditions","Dusk - Dawn","Violation Driver 1","No Controls Present/Factor","Clear","Hit Object","Related","Fixed Object","Not Applicable","Not Applicable","South Of","PEDESTRIAN SIGNAL"
"682948","CR-0000092564","1","0","0","0","22-166-0673","False","False","176","6/15/2022 6:14:00 PM","No Pedestrians Involved","Dry","No Unusual Conditions","Daylight","Violation Driver 1","Controls Functioning","Clear","Broadside","Non-Related","Other Vehicle","Not Applicable","Not Applicable","West Of",""
"682949","CR-0000092572","0","0","0","0","22-120-0142","False","False","77","4/30/2022 5:08:00 AM","No Pedestrians Involved","Dry","No Unusual Conditions","Dark - Street Light","Violation Driver 1","No Controls Present/Factor","Clear","Head On","Non-Related","Other Vehicle","Not Applicable","Not Applicable","West Of",""
"682950","CR-0000092516","0","0","0","0","22-160-0620","False","False","19","6/9/2022 4:33:00 PM","No Pedestrians Involved","Dry","No Unusual Conditions","Daylight","Violation Driver 1","No Controls Present/Factor","Clear","Sideswipe","Related","Other Vehicle","Not Applicable","Not Applicable","West Of",""
"682951","CR-0000092598","0","0","0","0","22-176-9704","False","True","0","6/24/2022 9:30:00 AM","No Pedestrians Involved","Dry","No Unusual Conditions","Dark - Street Light","Unknown","Controls Functioning","Clear","Rear End","Intersection","Other Vehicle","Not Applicable","Not Applicable","At",""
"682952","CR-0000092534","0","2","0","0","22-162-0250","False","False","0","6/11/2022 8:06:00 AM","No Pedestrians Involved","Dry","No Unusual Conditions","Daylight","Violation Driver 1","Controls Functioning","Clear","Overturned","Intersection","Parked Vehicle","Not Applicable","Not Applicable","At",""
"682953","CR-0000092570","0","1","0","0","22-119-0112","False","False","500","4/29/2022 5:52:00 AM","No Pedestrians Involved","Dry","No Unusual Conditions","Daylight","Violation Driver 1","No Controls Present/Factor","Clear","Head On","Non-Related","Parked Vehicle","Not Applicable","Not Applicable","South Of",""
"682954","CR-0000092557","0","0","0","0","22-165-0671","False","False","160","6/14/2022 4:37:00 PM","No Pedestrians Involved","Dry","No Unusual Conditions","Daylight","Violation Driver 1","No Controls Present/Factor","Clear","Sideswipe","Non-Related","Other Vehicle","Not Applicable","Not Applicable","South Of",""
"682955","CR-0000092553","0","1","0","0","22-165-0636","False","False","0","6/14/2022 3:57:00 PM","No Pedestrians Involved","Dry","No Unusual Conditions","Daylight","Violation Driver 1","Controls Functioning","Clear","Vehicle/Bike","Intersection","Bike","Not Applicable","Not Applicable","At","BIKE"
"682956","CR-0000092591","2","1","0","0","22-123-0451","False","False","0","5/3/2022 1:06:00 PM","No Pedestrians Involved","Dry","No Unusual Conditions","Daylight","Violation Driver 1","Controls Functioning","Clear","Rear End","Intersection","Other Vehicle","Not Applicable","Not Applicable","At",""
"682957","CR-0000092559","0","2","0","0","22-165-0802","False","False","0","6/14/2022 10:12:00 PM","No Pedestrians Involved","Dry","No Unusual Conditions","Daylight","Violation Driver 1","Controls Functioning","Clear","Head On","Intersection","Other Vehicle","Not Applicable","Not Applicable","At",""
"682958","CR-0000092526","0","0","0","0","22-162-0132","False","False","72","6/11/2022 2:49:00 AM","No Pedestrians Involved","Dry","No Unusual Conditions","Dark - Street Light","Violation Driver 1","Controls Functioning","Clear","Sideswipe","Non-Related","Parked Vehicle","Not Applicable","Not Applicable","South Of",""
"682959","CR-0000092555","1","1","0","0","22-171-0516","False","False","0","6/20/2022 1:49:00 PM","No Pedestrians Involved","Dry","No Unusual Conditions","Daylight","Violation Driver 1","Controls Functioning","Clear","Broadside","Intersection","Other Vehicle","Not Applicable","Not Applicable","At",""
"682960","CR-0000092543","0","0","0","0","22-162-0927","False","False","100","6/11/2022 10:21:00 PM","No Pedestrians Involved","Dry","No Unusual Conditions","Daylight","Violation Driver 1","Controls Not Functioning","Clear","Rear End","Non-Related","Other Vehicle","Not Applicable","Not Applicable","North Of",""
"682961","CR-0000092538","0","0","0","0","22-162-0414","False","False","90","6/11/2022 5:00:00 AM","No Pedestrians Involved","Dry","No Unusual Conditions","Dusk - Dawn","Violation Driver 1","No Controls Present/Factor","Clear","Sideswipe","Non-Related","Parked Vehicle","Not Applicable","Not Applicable","West Of",""
"682962","CR-0000092568","1","0","0","0","22-121-0682","False","False","0","5/1/2022 6:50:00 PM","No Pedestrians Involved","Dry","No Unusual Conditions","Daylight","Violation Driver 1","No Controls Present/Factor","Clear","Broadside","Intersection","Other Vehicle","Not Applicable","Not Applicable","At",""
"682963","CR-0000092539","0","0","0","0","22-162-0662","False","False","0","6/11/2022 5:24:00 PM","No Pedestrians Involved","Dry","No Unusual Conditions","Daylight","Violation Driver 1","Controls Functioning","Clear","Sideswipe","Intersection","Other Vehicle","Not Applicable","Not Applicable","At",""
"682964","CR-0000092569","0","0","0","0","22-098-0949","True","False","20","4/8/2022 9:30:00 PM","No Pedestrians Involved","Dry","No Unusual Conditions","Dark - Street Light","Unknown","Controls Functioning","Clear","Hit Object","Related","Fixed Object","Not Applicable","Not Applicable","South Of","MEDIAN"
"682965","CR-0000092565","0","0","0","0","22-166-0716","False","False","215","6/15/2022 5:59:00 PM","No Pedestrians Involved","Dry","No Unusual Conditions","Daylight","Violation Driver 1","No Controls Present/Factor","Clear","Broadside","Non-Related","Other Vehicle","Not Applicable","Not Applicable","North Of",""
"682966","CR-0000092571","0","0","0","0","22-120-0271","False","False","610","4/30/2022 9:36:00 AM","No Pedestrians Involved","Dry","Unknown","Daylight","Violation Driver 1","No Controls Present/Factor","Clear","Rear End","Non-Related","Other Vehicle","Not Applicable","Not Applicable","South Of",""
"682967","CR-0000092535","1","0","0","0","22-170-0977","True","False","0","6/19/2022 10:30:00 PM","No Pedestrians Involved","Dry","No Unusual Conditions","Dark - Street Light","Violation Driver 1","Controls Functioning","Clear","Head On","Intersection","Fixed Object","Not Applicable","Not Applicable","At","Traffic Light"
"682968","CR-0000092583","1","0","0","0","22-122-0256","False","False","0","5/2/2022 12:30:00 AM","Crossing In Crosswalk - At Intersection","Dry","No Unusual Conditions","Dark - Street Light","Violation Driver 1","Controls Functioning","Clear","Vehicle/Pedestrian","Intersection","Skateboard","West","East","At","PEDESTRIAN"
"682969","CR-0000092547","1","0","0","0","22-171-0309","True","False","400","6/20/2022 10:07:00 AM","No Pedestrians Involved","Dry","No Unusual Conditions","Daylight","Violation Driver 1","No Controls Present/Factor","Clear","Hit Object","Non-Related","Fixed Object","Not Applicable","Not Applicable","East Of","Traffic Light"
"682970","CR-0000092510","0","0","0","0","22-159-0425","False","False","0","6/8/2022 12:17:00 PM","No Pedestrians Involved","Dry","No Unusual Conditions","Daylight","Violation Driver 1","No Controls Present/Factor","Clear","Broadside","Intersection","Other Vehicle","Not Applicable","Not Applicable","At",""
"682971","CR-0000092576","0","1","0","0","22-120-0963","False","False","45","4/30/2022 11:35:00 PM","No Pedestrians Involved","Dry","No Unusual Conditions","Dark - Street Light","Violation Driver 1","No Controls Present/Factor","Clear","Sideswipe","Related","Parked Vehicle","Not Applicable","Not Applicable","East Of",""
"682972","CR-0000092592","2","0","0","0","22-175-0242","False","False","44","6/24/2022 8:11:00 AM","No Pedestrians Involved","Dry","No Unusual Conditions","Daylight","Violation Driver 1","No Controls Present/Factor","Clear","Sideswipe","Related","Other Vehicle","Not Applicable","Not Applicable","North Of",""
"682973","CR-0000092563","2","1","0","0","22-166-0607","False","False","51","6/15/2022 5:01:00 PM","No Pedestrians Involved","Dry","No Unusual Conditions","Daylight","Violation Driver 1","Controls Functioning","Clear","Head On","Non-Related","Other Vehicle","Not Applicable","Not Applicable","West Of",""
"682974","CR-0000092582","1","0","0","0","22-172-0259","False","False","0","6/21/2022 8:52:00 AM","No Pedestrians Involved","Dry","No Unusual Conditions","Daylight","Violation Driver 1","Controls Functioning","Clear","Broadside","Intersection","Other Vehicle","Not Applicable","Not Applicable","At",""
"682975","CR-0000092560","1","0","1","0","22-171-1005","False","False","255","6/20/2022 11:43:00 PM","Crossing - Not In Crosswalk","Dry","No Unusual Conditions","Dark - Street Light","Pedestrian At Fault","No Controls Present/Factor","Clear","Vehicle/Pedestrian","Non-Related","Pedestrian","East","West","North Of","PED"
"682976","CR-0000092574","0","0","0","0","22-166-9707","False","True","51","6/15/2022 1:17:00 PM","No Pedestrians Involved","Dry","Unknown","Daylight","Unknown","Controls Functioning","Clear","Rear End","Non-Related","Other Vehicle","Not Applicable","Not Applicable","West Of",""
"682977","CR-0000092546","0","0","0","0","22-165-0099","False","False","310","6/14/2022 2:58:00 AM","No Pedestrians Involved","Dry","No Unusual Conditions","Dark - Street Light","Violation Driver 1","No Controls Present/Factor","Clear","Rear End","Non-Related","Other Vehicle","Not Applicable","Not Applicable","South Of",""
"682978","CR-0000092533","0","1","0","0","22-170-0790","False","False","25","6/19/2022 8:48:00 PM","Crossing In Crosswalk - At Intersection","Dry","No Unusual Conditions","Dark - Street Light","Violation Driver 1","Controls Functioning","Clear","Vehicle/Pedestrian","Related","Pedestrian","East","West","North Of","PED"
"682979","CR-0000092508","1","0","0","0","22-159-0028","False","False","300","6/8/2022 12:34:00 AM","No Pedestrians Involved","Dry","No Unusual Conditions","Dark - Street Light","Violation Driver 1","No Controls Present/Factor","Clear","Rear End","Non-Related","Parked Vehicle","Not Applicable","Not Applicable","East Of",""
"682980","CR-0000092518","0","1","0","0","22-160-0772","False","False","0","6/9/2022 6:52:00 PM","No Pedestrians Involved","Dry","No Unusual Conditions","Daylight","Violation Driver 1","Controls Functioning","Clear","Other","Intersection","Non-Collision","Not Applicable","Not Applicable","At",""
"682981","CR-0000092586","0","0","0","0","22-175-0032","False","False","93","6/24/2022 12:49:00 AM","No Pedestrians Involved","Dry","No Unusual Conditions","Dark - Street Light","Violation Driver 1","No Controls Present/Factor","Clear","Rear End","Non-Related","Parked Vehicle","Not Applicable","Not Applicable","East Of",""
"682982","CR-0000092522","0","0","1","0","22-170-0282","False","False","20","6/19/2022 7:45:00 AM","Crossing - Not In Crosswalk","Dry","No Unusual Conditions","Daylight","Pedestrian At Fault","No Controls Present/Factor","Clear","Vehicle/Pedestrian","Related","Pedestrian","East","West","South Of","PED"
"682983","CR-0000092537","0","2","0","0","22-170-0991","False","False","90","6/19/2022 11:49:00 PM","No Pedestrians Involved","Dry","No Unusual Conditions","Dark - Street Light","Violation Driver 1","Controls Functioning","Clear","Rear End","Non-Related","Other Vehicle","Not Applicable","Not Applicable","West Of",""
"682984","CR-0000092590","0","0","0","0","22-175-0202","False","False","0","6/24/2022 7:02:00 AM","No Pedestrians Involved","Dry","No Unusual Conditions","Daylight","Violation Driver 1","Controls Functioning","Clear","Rear End","Intersection","Other Vehicle","Not Applicable","Not Applicable","At",""
"682985","CR-0000092594","0","0","0","0","22-175-0540","False","False","0","6/24/2022 1:35:00 PM","No Pedestrians Involved","Dry","No Unusual Conditions","Daylight","Violation Driver 1","Controls Functioning","Clear","Head On","Intersection","Fixed Object","Not Applicable","Not Applicable","At","Light Pole"
"682986","CR-0000092578","4","0","0","0","22-174-0613","False","False","0","6/23/2022 4:52:00 PM","No Pedestrians Involved","Dry","No Unusual Conditions","Daylight","Violation Driver 1","Controls Functioning","Clear","Broadside","Intersection","Other Vehicle","Not Applicable","Not Applicable","At",""
"682987","CR-0000092531","0","0","1","0","22-170-0750","False","False","21","6/19/2022 8:05:00 PM","No Pedestrians Involved","Dry","No Unusual Conditions","Daylight","Violation Driver 1","No Controls Present/Factor","Clear","Other","Related","Non-Collision","Not Applicable","Not Applicable","East Of",""
"682988","CR-0000092512","0","0","0","0","22-159-1105","False","False","45","6/8/2022 11:53:00 PM","No Pedestrians Involved","Dry","No Unusual Conditions","Dark - Street Light","Violation Driver 1","No Controls Present/Factor","Clear","Rear End","Related","Parked Vehicle","Not Applicable","Not Applicable","East Of",""
"682989","CR-0000092561","0","1","0","0","22-165-1026","True","False","360","6/14/2022 11:25:00 PM","No Pedestrians Involved","Dry","No Unusual Conditions","Dark - Street Light","Violation Driver 1","No Controls Present/Factor","Clear","Hit Object","Non-Related","Fixed Object","Not Applicable","Not Applicable","North Of","GUARDRAIL"
"682990","CR-0000092595","0","0","0","0","22-175-0814","False","False","0","6/24/2022 5:44:00 PM","No Pedestrians Involved","Dry","No Unusual Conditions","Daylight","Violation Driver 1","Controls Functioning","Clear","Broadside","Intersection","Train","Not Applicable","Not Applicable","At",""
"682991","CR-0000092567","1","0","0","0","22-125-0420","False","False","0","5/5/2022 1:43:00 PM","No Pedestrians Involved","Dry","No Unusual Conditions","Daylight","Unknown","Unknown","Clear","Head On","Intersection","Other Vehicle","Not Applicable","Not Applicable","At",""
"682992","CR-0000092515","0","0","0","0","22-160-0358","False","False","130","6/9/2022 11:59:00 AM","No Pedestrians Involved","Dry","No Unusual Conditions","Daylight","Violation Driver 1","No Controls Present/Factor","Clear","Rear End","Non-Related","Parked Vehicle","Not Applicable","Not Applicable","East Of",""
"682993","CR-0000092552","1","0","0","0","22-165-0631","False","False","180","6/14/2022 3:54:00 PM","No Pedestrians Involved","Dry","No Unusual Conditions","Daylight","Violation Driver 1","No Controls Present/Factor","Clear","Rear End","Non-Related","Other Vehicle","Not Applicable","Not Applicable","East Of",""
"682994","CR-0000092577","1","3","1","0","22-174-0578","False","False","0","6/23/2022 4:12:00 PM","No Pedestrians Involved","Dry","No Unusual Conditions","Daylight","Violation Driver 1","Controls Functioning","Clear","Broadside","Intersection","Other Vehicle","Not Applicable","Not Applicable","At",""
"682995","CR-0000092579","0","0","0","0","22-174-0812","False","False","111","6/23/2022 8:23:00 PM","No Pedestrians Involved","Dry","No Unusual Conditions","Dusk - Dawn","Violation Driver 1","No Controls Present/Factor","Clear","Rear End","Non-Related","Parked Vehicle","Not Applicable","Not Applicable","East Of",""