"CrashFactId","Name","MinorInjuries","ModerateInjuries","SevereInjuries","FatalInjuries","TcrNumber","CityDamageFlag","ShortFormFlag","Distance","CrashDateTime","PedestrianAction","RoadwaySurface","RoadwayCondition","Lighting","PrimaryCollisionFactor","TrafficControl","Weather","CollisionType","ProximityToIntersection","VehicleInvolvedWith","PedestrianDirectionFrom","PedestrianDirectionTo","DirectionFromIntersection","Comment"
"684799","CR-0000093366","2","0","0","0","22-183-0268","False","False","0","7/2/2022 9:07:00 AM","No Pedestrians Involved","Unknown","No Unusual Conditions","Daylight","Violation Driver 1","Controls Functioning","Clear","Rear End","Intersection","Other Vehicle","Not Applicable","Not Applicable","At",""
"684800","CR-0000093383","0","0","0","0","22-226-0285","False","False","180","8/14/2022 6:48:00 AM","No Pedestrians Involved","Dry","No Unusual Conditions","Daylight","Violation Driver 1","No Controls Present/Factor","Clear","Sideswipe","Non-Related","Other Vehicle","Not Applicable","Not Applicable","West Of",""
"684801","CR-0000093411","0","0","0","0","22-184-0353","True","False","60","7/3/2022 12:25:00 PM","No Pedestrians Involved","Dry","No Unusual Conditions","Daylight","Violation Driver 1","Controls Functioning","Clear","Hit Object","Non-Related","Fixed Object","Not Applicable","Not Applicable","West Of","Control Box (Light)"
"684802","CR-0000093372","0","0","0","0","22-213-0147","False","False","120","8/1/2022 9:49:00 AM","No Pedestrians Involved","Dry","No Unusual Conditions","Dusk - Dawn","Violation Driver 1","No Controls Present/Factor","Clear","Sideswipe","Non-Related","Parked Vehicle","Not Applicable","Not Applicable","North Of",""
"684803","CR-0000093401","0","0","0","0","22-189-0228","False","False","22","7/8/2022 8:40:00 AM","No Pedestrians Involved","Dry","No Unusual Conditions","Daylight","Violation Driver 1","Controls Functioning","Clear","Broadside","Related","Other Vehicle","Not Applicable","Not Applicable","West Of",""
"684804","CR-0000093397","0","0","0","0","22-187-0839","False","False","1009","7/6/2022 8:07:00 PM","No Pedestrians Involved","Dry","No Unusual Conditions","Dark - Street Light","Violation Driver 1","Controls Functioning","Clear","Rear End","Non-Related","Other Vehicle","Not Applicable","Not Applicable","North Of",""
"684805","CR-0000093379","1","0","0","0","22-226-1022","False","False","461","8/14/2022 10:53:00 PM","No Pedestrians Involved","Dry","No Unusual Conditions","Dark - Street Light","Violation Driver 1","No Controls Present/Factor","Clear","Sideswipe","Non-Related","Other Vehicle","Not Applicable","Not Applicable","West Of","Street Sweeper"
"684806","CR-0000093431","0","1","0","0","22-185-0477","False","False","364","7/4/2022 1:19:00 PM","No Pedestrians Involved","Dry","No Unusual Conditions","Daylight","Bike At Fault","No Controls Present/Factor","Clear","Vehicle/Bike","Non-Related","Bike","Not Applicable","No Direction (Not Walking)","South Of","BIKE"
"684807","CR-0000093413","2","2","1","0","22-184-0567","False","False","0","7/3/2022 4:49:00 PM","No Pedestrians Involved","Dry","No Unusual Conditions","Daylight","Violation Driver 1","Controls Functioning","Clear","Broadside","Intersection","Other Vehicle","Not Applicable","Not Applicable","At",""
"684808","CR-0000093417","0","0","0","0","22-184-1033","True","False","0","7/3/2022 11:19:00 PM","No Pedestrians Involved","Dry","No Unusual Conditions","Dark - Street Light","Violation Driver 1","Controls Functioning","Clear","Hit Object","Intersection","Fixed Object","Not Applicable","Not Applicable","At","Sign"
"684809","CR-0000093415","0","0","0","0","22-184-0871","False","False","144","7/3/2022 9:26:00 PM","No Pedestrians Involved","Dry","No Unusual Conditions","Dark - Street Light","Violation Driver 1","Controls Functioning","Clear","Sideswipe","Non-Related","Parked Vehicle","Not Applicable","Not Applicable","West Of",""
"684810","CR-0000093405","0","0","0","0","22-192-4000","False","True","51","7/8/2022 6:52:00 PM","No Pedestrians Involved","Unknown","Unknown","Dusk - Dawn","Unknown","Unknown","Unknown","Rear End","Non-Related","Other Vehicle","Not Applicable","Not Applicable","East Of",""
"684811","CR-0000093452","1","0","0","0","22-206-0186","True","False","45","7/25/2022 6:15:00 AM","No Pedestrians Involved","Dry","No Unusual Conditions","Dusk - Dawn","Violation Driver 1","No Controls Present/Factor","Clear","Head On","Related","Fixed Object","Not Applicable","Not Applicable","West Of","TREE"
"684812","CR-0000093393","1","0","0","0","22-187-0423","False","False","200","7/6/2022 12:57:00 PM","No Pedestrians Involved","Dry","No Unusual Conditions","Daylight","Violation Driver 1","Controls Functioning","Clear","Vehicle/Bike","Non-Related","Bike","Not Applicable","Not Applicable","West Of","BIKE"
"684813","CR-0000093395","0","0","0","0","22-187-0620","False","False","450","7/6/2022 4:24:00 PM","No Pedestrians Involved","Dry","No Unusual Conditions","Daylight","Violation Driver 1","No Controls Present/Factor","Clear","Rear End","Non-Related","Other Vehicle","Not Applicable","Not Applicable","East Of",""
"684814","CR-0000093488","0","0","0","0","22-192-0317","False","False","0","7/11/2022 10:57:00 AM","No Pedestrians Involved","Dry","Unknown","Daylight","Violation Driver 1","No Controls Present/Factor","Clear","Rear End","Intersection","Other Vehicle","Not Applicable","Not Applicable","At",""
"684815","CR-0000093468","0","1","0","0","22-188-0391","False","False","0","7/7/2022 12:29:00 PM","No Pedestrians Involved","Dry","No Unusual Conditions","Daylight","Violation Driver 1","No Controls Present/Factor","Clear","Vehicle/Bike","Intersection","Bike","Not Applicable","Not Applicable","At","BIKE"
"684816","CR-0000093382","0","0","0","0","22-217-0555","False","False","185","8/5/2022 3:09:00 PM","No Pedestrians Involved","Dry","No Unusual Conditions","Daylight","Violation Driver 1","No Controls Present/Factor","Clear","Rear End","Non-Related","Other Vehicle","Not Applicable","Not Applicable","South Of",""
"684817","CR-0000093446","0","1","0","0","22-197-0330","False","False","0","7/16/2022 9:26:00 AM","Crossing In Crosswalk - At Intersection","Dry","Other","Daylight","Violation Driver 1","Controls Functioning","Clear","Vehicle/Pedestrian","Intersection","Pedestrian","Unknown","Unknown","At","PED"
"684818","CR-0000093380","0","0","0","0","22-225-0987","True","False","23","8/13/2022 11:36:00 PM","No Pedestrians Involved","Dry","No Unusual Conditions","Dark - Street Light","Violation Driver 1","Controls Functioning","Clear","Hit Object","Related","Fixed Object","Not Applicable","Not Applicable","South Of","Light Pole"
"684819","CR-0000093360","0","0","0","0","22-182-4000","False","True","51","7/1/2022 7:00:00 AM","No Pedestrians Involved","Unknown","Unknown","Daylight","Unknown","Unknown","Unknown","Sideswipe","Non-Related","Parked Vehicle","Not Applicable","Not Applicable","South Of",""
"684820","CR-0000093492","0","0","0","0","22-188-0614","False","False","0","7/7/2022 2:00:00 PM","No Pedestrians Involved","Dry","No Unusual Conditions","Daylight","Violation Driver 1","No Controls Present/Factor","Clear","Sideswipe","Intersection","Parked Vehicle","Not Applicable","Not Applicable","At",""
"684821","CR-0000093466","0","0","0","0","22-187-9701","False","True","0","7/5/2022 6:30:00 PM","No Pedestrians Involved","Dry","No Unusual Conditions","Daylight","Unknown","Controls Functioning","Clear","Rear End","Intersection","Other Vehicle","Not Applicable","Not Applicable","At",""
"684822","CR-0000093355","0","0","0","0","22-182-0656","False","False","0","7/1/2022 4:55:00 PM","No Pedestrians Involved","Dry","No Unusual Conditions","Daylight","Violation Driver 1","Controls Functioning","Clear","Sideswipe","Intersection","Other Vehicle","Not Applicable","Not Applicable","At",""
"684823","CR-0000093455","1","0","0","0","22-206-0687","False","False","0","7/25/2022 5:05:00 PM","No Pedestrians Involved","Dry","No Unusual Conditions","Daylight","Violation Driver 1","Controls Functioning","Clear","Head On","Intersection","Other Vehicle","Not Applicable","Not Applicable","At",""
"684824","CR-0000093448","4","0","0","0","22-197-0809","False","False","441","7/16/2022 7:58:00 PM","No Pedestrians Involved","Dry","No Unusual Conditions","Dusk - Dawn","Violation Driver 1","Controls Not Functioning","Clear","Broadside","Non-Related","Other Vehicle","Not Applicable","Not Applicable","East Of",""
"684825","CR-0000093424","0","0","0","0","22-191-0118","False","False","0","7/10/2022 1:41:00 AM","No Pedestrians Involved","Dry","No Unusual Conditions","Dark - Street Light","Violation Driver 1","Unknown","Clear","Sideswipe","Related","Other Vehicle","Not Applicable","Not Applicable","At",""
"684826","CR-0000093362","0","0","0","0","22-183-0008","False","False","400","7/2/2022 12:18:00 AM","No Pedestrians Involved","Dry","No Unusual Conditions","Dark - Street Light","Violation Driver 1","Controls Functioning","Clear","Rear End","Non-Related","Parked Vehicle","Not Applicable","Not Applicable","West Of",""
"684827","CR-0000093371","0","0","0","0","22-213-0162","False","False","46","8/1/2022 6:46:00 AM","No Pedestrians Involved","Dry","No Unusual Conditions","Dusk - Dawn","Violation Driver 1","Controls Functioning","Clear","Broadside","Related","Other Vehicle","Not Applicable","Not Applicable","North Of",""
"684828","CR-0000093426","2","0","0","0","22-191-0531","False","False","0","7/10/2022 5:09:00 PM","No Pedestrians Involved","Dry","No Unusual Conditions","Daylight","Violation Driver 1","Controls Functioning","Clear","Rear End","Intersection","Other Vehicle","Not Applicable","Not Applicable","At",""
"684829","CR-0000093416","0","0","0","0","22-184-0959","False","False","135","7/3/2022 8:19:00 PM","No Pedestrians Involved","Dry","No Unusual Conditions","Dark - Street Light","Violation Driver 1","Controls Not Functioning","Clear","Sideswipe","Non-Related","Parked Vehicle","Not Applicable","Not Applicable","East Of",""
"684830","CR-0000093406","1","0","0","0","22-190-0326","False","False","0","7/9/2022 1:52:00 PM","No Pedestrians Involved","Dry","Unknown","Daylight","Violation Driver 1","Controls Functioning","Clear","Head On","Intersection","Other Vehicle","Not Applicable","Not Applicable","At",""
"684831","CR-0000093358","0","1","0","0","22-182-0984","False","False","0","7/1/2022 10:33:00 PM","No Pedestrians Involved","Dry","No Unusual Conditions","Dark - Street Light","Violation Driver 1","Controls Functioning","Clear","Sideswipe","Intersection","Other Vehicle","Not Applicable","Not Applicable","At",""
"684832","CR-0000093425","2","1","1","0","22-191-0143","False","False","0","7/10/2022 2:06:00 AM","No Pedestrians Involved","Dry","No Unusual Conditions","Dark - Street Light","Violation Driver 1","Controls Functioning","Clear","Rear End","Related","Other Vehicle","Not Applicable","Not Applicable","At",""
"684833","CR-0000093418","0","0","0","0","22-184-4000","False","True","","7/3/2022 12:00:00 PM","No Pedestrians Involved","Unknown","Unknown","Unknown","Unknown","Unknown","Unknown","Broadside","Related","Other Vehicle","Not Applicable","Not Applicable","Unknown",""
"684834","CR-0000093367","0","1","0","1","22-250-0581","False","False","0","9/7/2022 1:58:00 PM","No Pedestrians Involved","Dry","No Unusual Conditions","Daylight","Unknown","Controls Functioning","Clear","Broadside","Intersection","Motorcycle","Not Applicable","Not Applicable","At","Dirt Bike"
"684835","CR-0000093353","0","0","0","0","22-182-0512","False","False","0","7/1/2022 2:20:00 PM","No Pedestrians Involved","Dry","No Unusual Conditions","Daylight","Violation Driver 1","Controls Functioning","Clear","Sideswipe","Intersection","Other Vehicle","Not Applicable","Not Applicable","At",""
"684836","CR-0000093408","0","0","0","0","22-184-0056","False","False","17","7/3/2022 1:08:00 AM","No Pedestrians Involved","Dry","No Unusual Conditions","Dark - Street Light","Violation Driver 1","Controls Functioning","Clear","Head On","Related","Other Vehicle","Not Applicable","Not Applicable","West Of",""
"684837","CR-0000093457","0","1","0","0","22-209-0620","False","False","60","7/25/2022 4:44:00 PM","No Pedestrians Involved","Dry","No Unusual Conditions","Daylight","Violation Driver 1","Controls Functioning","Clear","Rear End","Non-Related","Motorcycle","Not Applicable","Not Applicable","North Of",""
"684838","CR-0000093438","0","0","0","0","22-186-0022","False","False","195","7/5/2022 12:08:00 AM","No Pedestrians Involved","Dry","No Unusual Conditions","Dark - Street Light","Violation Driver 1","No Controls Present/Factor","Clear","Head On","Non-Related","Parked Vehicle","Not Applicable","Not Applicable","South Of",""
"684839","CR-0000093470","0","1","0","0","22-189-0528","False","False","0","7/8/2022 5:05:00 PM","No Pedestrians Involved","Dry","No Unusual Conditions","Daylight","Violation Driver 1","Unknown","Clear","Broadside","Intersection","Other Vehicle","Not Applicable","Not Applicable","At",""
"684840","CR-0000093398","0","0","0","0","22-187-0908","False","False","205","7/6/2022 9:00:00 PM","No Pedestrians Involved","Dry","No Unusual Conditions","Dark - Street Light","Violation Driver 1","No Controls Present/Factor","Clear","Sideswipe","Non-Related","Parked Vehicle","Not Applicable","Not Applicable","West Of",""
"684841","CR-0000093493","0","1","0","0","22-192-0333","False","False","0","7/11/2022 10:00:00 AM","Crossing - Not In Crosswalk","Dry","No Unusual Conditions","Daylight","Violation Driver 1","No Controls Present/Factor","Clear","Vehicle/Pedestrian","Intersection","Pedestrian","North","South","At","PEDESTRIAN"
"684842","CR-0000093496","0","1","0","0","22-192-0901","False","False","51","7/11/2022 7:56:00 PM","Crossing In Crosswalk - Not At Intersection","Dry","No Unusual Conditions","Daylight","Pedestrian At Fault","Controls Functioning","Clear","Vehicle/Pedestrian","Non-Related","Pedestrian","Unknown","Unknown","West Of","PEDESTRIAN"
"684843","CR-0000093504","0","0","0","0","22-197-0129","False","False","54","7/16/2022 1:54:00 AM","No Pedestrians Involved","Dry","No Unusual Conditions","Dark - Street Light","Violation Driver 1","Controls Functioning","Clear","Rear End","Non-Related","Other Vehicle","Not Applicable","Not Applicable","West Of",""
"684844","CR-0000093508","0","0","0","0","22-200-4001","False","True","51","7/18/2022 1:30:00 PM","No Pedestrians Involved","Unknown","Unknown","Daylight","Unknown","Unknown","Unknown","Rear End","Non-Related","Other Vehicle","Not Applicable","Not Applicable","West Of",""
"684845","CR-0000093498","0","0","0","0","22-193-0625","False","False","0","7/12/2022 4:41:00 PM","No Pedestrians Involved","Dry","No Unusual Conditions","Daylight","Violation Driver 1","Controls Functioning","Clear","Rear End","Intersection","Other Vehicle","Not Applicable","Not Applicable","At",""
"684846","CR-0000093509","0","0","0","0","22-199-4003","False","True","0","7/18/2022 7:50:00 AM","No Pedestrians Involved","Unknown","Unknown","Daylight","Violation Driver 1","Unknown","Unknown","Broadside","Intersection","Other Vehicle","Not Applicable","Not Applicable","At",""
"684847","CR-0000093499","0","0","0","0","22-193-4001","False","True","0","7/12/2022 1:15:00 PM","No Pedestrians Involved","Unknown","Unknown","Daylight","Unknown","Unknown","Unknown","Rear End","Intersection","Other Vehicle","Not Applicable","Not Applicable","At",""
"684848","CR-0000093513","1","0","0","0","22-228-0431","False","False","90","8/16/2022 11:34:00 AM","Crossing - Not In Crosswalk","Dry","No Unusual Conditions","Daylight","Violation Driver 1","No Controls Present/Factor","Clear","Vehicle/Pedestrian","Non-Related","Pedestrian","East","West","South Of","PEDESTRIAN"
"684849","CR-0000093503","1","0","0","0","22-196-0486","False","False","0","7/15/2022 2:38:00 PM","No Pedestrians Involved","Dry","No Unusual Conditions","Daylight","Violation Driver 1","No Controls Present/Factor","Clear","Broadside","Intersection","Other Vehicle","Not Applicable","Not Applicable","At",""
"684850","CR-0000093507","0","0","0","0","22-197-0451","False","False","132","7/16/2022 9:30:00 AM","No Pedestrians Involved","Dry","No Unusual Conditions","Daylight","Violation Driver 1","No Controls Present/Factor","Clear","Rear End","Non-Related","Other Vehicle","Not Applicable","Not Applicable","South Of",""
"684851","CR-0000093506","0","0","0","0","22-197-0444","False","False","82","7/16/2022 11:50:00 AM","No Pedestrians Involved","Dry","No Unusual Conditions","Daylight","Violation Driver 1","Controls Functioning","Clear","Rear End","Non-Related","Other Vehicle","Not Applicable","Not Applicable","South Of",""
"684852","CR-0000093495","0","0","0","0","22-192-0786","False","False","125","7/11/2022 5:50:00 PM","No Pedestrians Involved","Dry","No Unusual Conditions","Daylight","Violation Driver 1","Controls Functioning","Clear","Head On","Non-Related","Other Vehicle","Not Applicable","Not Applicable","East Of",""
"684853","CR-0000093494","0","0","0","0","22-192-0377","False","False","233","7/11/2022 10:47:00 AM","No Pedestrians Involved","Dry","No Unusual Conditions","Daylight","Violation Driver 1","No Controls Present/Factor","Clear","Rear End","Non-Related","Parked Vehicle","Not Applicable","Not Applicable","West Of",""
"684854","CR-0000093510","0","0","0","0","22-201-4000","False","True","51","7/20/2022 12:00:00 AM","No Pedestrians Involved","Unknown","Unknown","Unknown","Unknown","Unknown","Unknown","Sideswipe","Non-Related","Parked Vehicle","Not Applicable","Not Applicable","West Of",""
"684855","CR-0000093500","0","0","0","0","22-194-0530","False","False","0","7/13/2022 1:46:00 PM","No Pedestrians Involved","Dry","No Unusual Conditions","Daylight","Violation Driver 1","Controls Functioning","Clear","Sideswipe","Intersection","Other Vehicle","Not Applicable","Not Applicable","At",""
"684856","CR-0000093497","0","0","0","0","22-193-0467","False","False","0","7/12/2022 12:45:00 PM","No Pedestrians Involved","Dry","No Unusual Conditions","Daylight","Violation Driver 1","Controls Functioning","Clear","Sideswipe","Intersection","Other Vehicle","Not Applicable","Not Applicable","At",""
"684857","CR-0000093511","0","0","0","0","22-201-4002","False","True","51","7/20/2022 3:00:00 PM","No Pedestrians Involved","Unknown","Unknown","Daylight","Unknown","Unknown","Unknown","Rear End","Non-Related","Unknown","Not Applicable","Not Applicable","East Of",""
"684858","CR-0000093512","0","1","0","0","22-218-0582","False","False","172","8/6/2022 3:58:00 PM","No Pedestrians Involved","Dry","No Unusual Conditions","Daylight","Violation Driver 1","No Controls Present/Factor","Clear","Vehicle/Bike","Non-Related","Bike","Not Applicable","Not Applicable","West Of","BIKE"
"684859","CR-0000093501","0","0","0","0","22-195-0010","False","False","0","7/14/2022 12:02:00 AM","No Pedestrians Involved","Dry","No Unusual Conditions","Dark - Street Light","Violation Driver 1","No Controls Present/Factor","Clear","Sideswipe","Intersection","Other Vehicle","Not Applicable","Not Applicable","At",""
"684860","CR-0000093502","0","0","0","0","22-195-0001","False","False","203","7/14/2022 12:12:00 AM","No Pedestrians Involved","Dry","No Unusual Conditions","Dark - Street Light","Violation Driver 1","No Controls Present/Factor","Clear","Head On","Non-Related","Parked Vehicle","Not Applicable","Not Applicable","South Of",""
"684861","CR-0000093568","2","0","0","0","22-212-0550","False","False","72","7/31/2022 3:54:00 PM","No Pedestrians Involved","Dry","No Unusual Conditions","Daylight","Unknown","Controls Functioning","Clear","Sideswipe","Non-Related","Other Vehicle","Not Applicable","Not Applicable","South Of",""
"684862","CR-0000093552","1","0","0","0","22-209-0240","False","False","0","7/28/2022 9:23:00 AM","No Pedestrians Involved","Dry","No Unusual Conditions","Daylight","Violation Driver 1","No Controls Present/Factor","Clear","Rear End","Intersection","Other Vehicle","Not Applicable","Not Applicable","At",""
"684863","CR-0000093556","1","1","2","0","22-210-1100","True","False","126","7/29/2022 11:55:00 PM","No Pedestrians Involved","Dry","No Unusual Conditions","Dark - Street Light","Violation Driver 1","Controls Functioning","Clear","Hit Object","Non-Related","Fixed Object","Not Applicable","Not Applicable","South Of","TREE"
"684864","CR-0000093528","1","0","0","0","22-194-0593","False","False","0","7/13/2022 4:05:00 PM","No Pedestrians Involved","Dry","No Unusual Conditions","Daylight","Violation Driver 1","Controls Functioning","Clear","Broadside","Intersection","Other Vehicle","Not Applicable","Not Applicable","At",""
"684865","CR-0000093548","0","0","0","0","22-202-0228","False","False","245","7/21/2022 8:00:00 AM","No Pedestrians Involved","Dry","No Unusual Conditions","Daylight","Violation Driver 1","No Controls Present/Factor","Clear","Rear End","Non-Related","Other Vehicle","Not Applicable","Not Applicable","South Of",""
"684866","CR-0000093575","0","1","0","0","22-198-0904","False","False","510","7/17/2022 10:05:00 PM","No Pedestrians Involved","Dry","No Unusual Conditions","Dark - Street Light","Violation Driver 1","No Controls Present/Factor","Clear","Head On","Non-Related","Other Vehicle","Not Applicable","Not Applicable","South Of",""
"684867","CR-0000093564","2","0","0","0","22-210-0954","False","False","37","7/29/2022 9:37:00 PM","No Pedestrians Involved","Dry","No Unusual Conditions","Dark - Street Light","Violation Driver 1","Controls Functioning","Clear","Rear End","Related","Other Vehicle","Not Applicable","Not Applicable","West Of",""
"684868","CR-0000093522","4","0","0","0","22-182-0716","False","False","0","7/1/2022 6:00:00 PM","No Pedestrians Involved","Dry","No Unusual Conditions","Daylight","Violation Driver 1","No Controls Present/Factor","Clear","Rear End","Intersection","Other Vehicle","Not Applicable","Not Applicable","At",""
"684870","CR-0000093570","1","0","0","0","22-194-0520","False","False","51","7/13/2022 2:41:00 PM","No Pedestrians Involved","Dry","No Unusual Conditions","Daylight","Violation Driver 1","No Controls Present/Factor","Clear","Broadside","Non-Related","Other Vehicle","Not Applicable","Not Applicable","East Of",""
"684871","CR-0000093518","2","1","0","0","22-183-0946","False","False","290","7/2/2022 11:53:00 AM","No Pedestrians Involved","Dry","No Unusual Conditions","Dark - Street Light","Violation Driver 1","No Controls Present/Factor","Clear","Rear End","Non-Related","Parked Vehicle","Not Applicable","Not Applicable","West Of",""
"684872","CR-0000093514","0","1","0","0","22-183-0602","False","False","59","7/2/2022 4:09:00 PM","No Pedestrians Involved","Dry","No Unusual Conditions","Daylight","Violation Driver 1","No Controls Present/Factor","Clear","Hit Object","Non-Related","Fixed Object","Not Applicable","Not Applicable","South Of","Median Curb"
"684873","CR-0000093519","0","0","0","0","22-183-4000","False","False","51","7/2/2022 10:20:00 AM","No Pedestrians Involved","Unknown","Unknown","Daylight","Unknown","Unknown","Unknown","Other","Non-Related","Parked Vehicle","Not Applicable","Not Applicable","North Of",""
"684874","CR-0000093534","1","0","0","0","22-198-0384","False","False","0","7/17/2022 11:00:00 AM","In Road - Includes Shoulder","Dry","No Unusual Conditions","Daylight","Violation Driver 1","No Controls Present/Factor","Clear","Vehicle/Pedestrian","Intersection","Pedestrian","West","East","At","PED"
"684875","CR-0000093530","2","0","0","0","22-194-0896","False","False","0","7/13/2022 8:59:00 PM","No Pedestrians Involved","Dry","No Unusual Conditions","Dark - Street Light","Violation Driver 1","Controls Functioning","Clear","Broadside","Intersection","Other Vehicle","Not Applicable","Not Applicable","At",""
"684876","CR-0000093515","0","0","0","0","22-183-0680","False","False","32","7/2/2022 5:53:00 PM","No Pedestrians Involved","Dry","No Unusual Conditions","Daylight","Other Than Driver","Controls Not Functioning","Clear","Rear End","Related","Other Vehicle","Not Applicable","Not Applicable","South Of","Traffic lights not functioning"
"684877","CR-0000093551","0","1","0","0","22-206-0187","False","False","51","7/25/2022 6:16:00 AM","No Pedestrians Involved","Dry","No Unusual Conditions","Daylight","Violation Driver 1","No Controls Present/Factor","Cloudy","Vehicle/Bike","Non-Related","Bike","Not Applicable","Not Applicable","South Of","BIKE"
"684878","CR-0000093569","1","0","0","0","22-207-0666","False","False","123","7/26/2022 5:11:00 PM","No Pedestrians Involved","Dry","No Unusual Conditions","Daylight","Violation Driver 1","No Controls Present/Factor","Clear","Sideswipe","Non-Related","Other Vehicle","Not Applicable","Not Applicable","East Of",""
"684879","CR-0000093565","0","0","1","0","22-211-0475","False","False","0","7/30/2022 1:06:00 PM","No Pedestrians Involved","Dry","No Unusual Conditions","Daylight","Violation Driver 1","Controls Functioning","Clear","Broadside","Intersection","Motorcycle","Not Applicable","Not Applicable","At",""
"684880","CR-0000093558","0","1","0","0","22-211-0143","False","False","0","7/30/2022 4:51:00 AM","No Pedestrians Involved","Dry","No Unusual Conditions","Dark - Street Light","Violation Driver 1","Controls Functioning","Clear","Broadside","Intersection","Other Vehicle","Not Applicable","Not Applicable","At",""
"684881","CR-0000093554","2","0","0","0","22-210-0545","False","False","140","7/29/2022 3:03:00 PM","No Pedestrians Involved","Dry","No Unusual Conditions","Daylight","Violation Driver 1","Controls Functioning","Clear","Broadside","Non-Related","Other Vehicle","Not Applicable","Not Applicable","East Of",""
"684882","CR-0000093567","0","0","0","0","22-211-0838","True","False","0","7/30/2022 7:45:00 PM","No Pedestrians Involved","Dry","No Unusual Conditions","Daylight","Violation Driver 1","Controls Functioning","Clear","Hit Object","Intersection","Fixed Object","Not Applicable","Not Applicable","At","Traffic Light"
"684883","CR-0000093533","0","0","1","0","22-197-0097","False","False","51","7/16/2022 12:20:00 AM","No Pedestrians Involved","Dry","No Unusual Conditions","Dark - Street Light","Unknown","Unknown","Clear","Vehicle/Bike","Non-Related","Bike","Not Applicable","Not Applicable","West Of","BIKE"
"684884","CR-0000093524","0","0","0","0","22-190-0678","True","False","0","7/9/2022 4:30:00 PM","No Pedestrians Involved","Dry","No Unusual Conditions","Daylight","Violation Driver 1","Unknown","Clear","Rear End","Intersection","Other Vehicle","Not Applicable","Not Applicable","At","PD"
"684885","CR-0000093517","1","1","0","0","22-183-0931","False","False","45","7/2/2022 10:39:00 PM","No Pedestrians Involved","Dry","No Unusual Conditions","Dark - Street Light","Violation Driver 1","No Controls Present/Factor","Clear","Broadside","Related","Other Vehicle","Not Applicable","Not Applicable","West Of",""
"684886","CR-0000093529","2","0","0","0","22-194-0774","False","False","0","7/13/2022 6:45:00 PM","No Pedestrians Involved","Dry","No Unusual Conditions","Daylight","Violation Driver 1","No Controls Present/Factor","Clear","Broadside","Intersection","Other Vehicle","Not Applicable","Not Applicable","At",""
"684887","CR-0000093573","1","0","0","0","22-198-0554","False","False","0","7/17/2022 3:37:00 PM","No Pedestrians Involved","Dry","No Unusual Conditions","Daylight","Violation Driver 1","Controls Functioning","Clear","Broadside","Intersection","Other Vehicle","Not Applicable","Not Applicable","At",""
"684888","CR-0000093525","0","1","0","0","22-191-1098","False","False","33","7/10/2022 11:49:00 PM","No Pedestrians Involved","Dry","No Unusual Conditions","Dark - Street Light","Violation Driver 1","Controls Functioning","Clear","Rear End","Related","Parked Vehicle","Not Applicable","Not Applicable","East Of",""
"684889","CR-0000093537","0","0","0","0","22-200-0816","True","False","0","7/19/2022 8:37:00 PM","No Pedestrians Involved","Dry","No Unusual Conditions","Daylight","Unknown","Controls Functioning","Clear","Broadside","Intersection","Other Vehicle","Not Applicable","Not Applicable","At","PD"
"684890","CR-0000093572","0","1","0","0","22-196-0761","False","False","1056","7/15/2022 7:25:00 PM","No Pedestrians Involved","Dry","No Unusual Conditions","Dusk - Dawn","Violation Driver 1","No Controls Present/Factor","Clear","Hit Object","Non-Related","Fixed Object","Not Applicable","Not Applicable","North Of","CURB"
"684891","CR-0000093523","0","1","0","0","22-190-0813","False","False","105","7/9/2022 7:00:00 AM","No Pedestrians Involved","Dry","No Unusual Conditions","Daylight","Violation Driver 1","No Controls Present/Factor","Clear","Rear End","Non-Related","Other Vehicle","Not Applicable","Not Applicable","South Of",""
"684892","CR-0000093557","0","0","0","0","22-211-0131","False","False","0","7/30/2022 2:45:00 AM","No Pedestrians Involved","Dry","No Unusual Conditions","Dark - Street Light","Violation Driver 1","Controls Functioning","Clear","Head On","Intersection","Motor Vehicle On Other Roadway","Not Applicable","Not Applicable","At",""
"684893","CR-0000093561","0","2","0","0","22-211-1027","False","False","16","7/30/2022 10:41:00 PM","No Pedestrians Involved","Dry","No Unusual Conditions","Dark - Street Light","Violation Driver 1","Controls Functioning","Clear","Head On","Related","Other Vehicle","Not Applicable","Not Applicable","East Of",""
"684894","CR-0000093559","0","0","0","0","22-211-0433","True","False","51","7/30/2022 10:36:00 AM","No Pedestrians Involved","Dry","No Unusual Conditions","Daylight","Violation Driver 1","No Controls Present/Factor","Clear","Head On","Non-Related","Other Vehicle","Not Applicable","Not Applicable","South Of","PD"
"684895","CR-0000093521","1","0","0","0","22-182-0314","False","False","0","7/1/2022 2:41:00 PM","No Pedestrians Involved","Dry","No Unusual Conditions","Daylight","Violation Driver 1","Controls Functioning","Clear","Rear End","Intersection","Other Vehicle","Not Applicable","Not Applicable","At",""
"684896","CR-0000093555","0","0","0","0","22-210-0856","False","False","0","7/29/2022 7:55:00 PM","No Pedestrians Involved","Dry","No Unusual Conditions","Daylight","Violation Driver 1","Controls Functioning","Clear","Head On","Intersection","Other Vehicle","Not Applicable","Not Applicable","At",""
"684897","CR-0000093527","0","1","0","0","22-193-0109","False","False","625","7/12/2022 3:42:00 AM","No Pedestrians Involved","Dry","No Unusual Conditions","Dark - No Street Light","Bike At Fault","No Controls Present/Factor","Clear","Vehicle/Bike","Non-Related","Bike","Not Applicable","Not Applicable","West Of","BIKE"