"CrashFactId","Name","MinorInjuries","ModerateInjuries","SevereInjuries","FatalInjuries","TcrNumber","CityDamageFlag","ShortFormFlag","Distance","CrashDateTime","PedestrianAction","RoadwaySurface","RoadwayCondition","Lighting","PrimaryCollisionFactor","TrafficControl","Weather","CollisionType","ProximityToIntersection","VehicleInvolvedWith","PedestrianDirectionFrom","PedestrianDirectionTo","DirectionFromIntersection","Comment"
"684995","CR-0000093614","0","0","0","0","22-198-0657","False","False","450","7/17/2022 5:30:00 PM","No Pedestrians Involved","Dry","No Unusual Conditions","Daylight","Violation Driver 1","Controls Functioning","Clear","Rear End","Non-Related","Parked Vehicle","Not Applicable","Not Applicable","North Of",""
"684996","CR-0000093611","0","0","0","0","22-210-0467","False","False","100","7/15/2022 11:00:00 PM","No Pedestrians Involved","Unknown","No Unusual Conditions","Unknown","Violation Driver 1","Controls Functioning","Other","Sideswipe","Non-Related","Parked Vehicle","Not Applicable","Not Applicable","West Of",""
"684997","CR-0000093692","1","0","0","0","22-212-0531","False","False","0","7/31/2022 3:27:00 PM","No Pedestrians Involved","Dry","No Unusual Conditions","Daylight","Violation Driver 1","Controls Functioning","Clear","Head On","Intersection","Other Vehicle","Not Applicable","Not Applicable","At",""
"684998","CR-0000093678","1","1","0","0","22-238-0195","False","False","0","8/26/2022 8:25:00 AM","No Pedestrians Involved","Dry","No Unusual Conditions","Daylight","Violation Driver 1","Controls Functioning","Clear","Head On","Intersection","Other Vehicle","Not Applicable","Not Applicable","At",""
"684999","CR-0000093684","0","0","0","0","22-210-0655","False","False","0","7/29/2022 5:06:00 PM","No Pedestrians Involved","Dry","No Unusual Conditions","Daylight","Violation Driver 1","Controls Functioning","Clear","Rear End","Intersection","Other Vehicle","Not Applicable","Not Applicable","West Of",""
"685000","CR-0000093687","0","1","0","0","22-211-0044","True","False","103","7/30/2022 12:35:00 AM","No Pedestrians Involved","Dry","No Unusual Conditions","Dark - Street Light","Violation Driver 1","No Controls Present/Factor","Clear","Hit Object","Non-Related","Fixed Object","Not Applicable","Not Applicable","East Of","LIGHTPOLE"
"685001","CR-0000093667","0","0","0","0","22-204-0746","False","False","0","7/23/2022 8:00:00 PM","No Pedestrians Involved","Unknown","No Unusual Conditions","Dark - Street Light","Violation Driver 1","Controls Functioning","Clear","Sideswipe","Intersection","Other Vehicle","Not Applicable","Not Applicable","At",""
"685002","CR-0000093691","0","0","0","0","22-212-0202","False","False","0","7/31/2022 5:11:00 AM","No Pedestrians Involved","Dry","No Unusual Conditions","Dark - Street Light","Violation Driver 1","No Controls Present/Factor","Clear","Hit Object","Intersection","Fixed Object","Not Applicable","Not Applicable","At",""
"685003","CR-0000093682","0","0","0","0","22-209-0655","False","False","64","7/28/2022 5:15:00 PM","No Pedestrians Involved","Dry","No Unusual Conditions","Daylight","Violation Driver 1","Controls Functioning","Clear","Sideswipe","Non-Related","Other Vehicle","Not Applicable","Not Applicable","South Of",""
"685004","CR-0000093679","2","0","0","0","22-208-0318","False","False","0","7/27/2022 10:22:00 AM","No Pedestrians Involved","Dry","No Unusual Conditions","Daylight","Violation Driver 1","Controls Functioning","Clear","Rear End","Intersection","Other Vehicle","Not Applicable","Not Applicable","At",""
"685005","CR-0000093685","0","0","0","0","22-210-0806","False","False","100","7/29/2022 6:15:00 PM","No Pedestrians Involved","Dry","No Unusual Conditions","Daylight","Violation Driver 1","No Controls Present/Factor","Clear","Sideswipe","Non-Related","Parked Vehicle","Not Applicable","Not Applicable","West Of",""
"685006","CR-0000093665","1","0","0","0","22-238-0184","False","False","0","8/25/2022 8:30:00 AM","Crossing In Crosswalk - At Intersection","Dry","No Unusual Conditions","Daylight","Violation Driver 1","Controls Functioning","Clear","Vehicle/Pedestrian","Intersection","Pedestrian","West","East","At","PEDESTRIAN"
"685007","CR-0000093690","1","0","0","0","22-211-0875","False","False","0","7/30/2022 8:31:00 PM","No Pedestrians Involved","Dry","No Unusual Conditions","Dark - Street Light","Violation Driver 1","No Controls Present/Factor","Clear","Sideswipe","Intersection","Other Vehicle","Not Applicable","Not Applicable","At",""
"685008","CR-0000093697","0","0","0","0","22-187-0136","False","False","0","7/6/2022 6:58:00 AM","No Pedestrians Involved","Dry","No Unusual Conditions","Daylight","Violation Driver 1","No Controls Present/Factor","Clear","Head On","Intersection","Motor Vehicle On Other Roadway","Not Applicable","Not Applicable","At",""
"685009","CR-0000093677","0","0","0","0","22-208-0141","False","False","51","7/27/2022 5:29:00 AM","No Pedestrians Involved","Dry","No Unusual Conditions","Dark - Street Light","Violation Driver 1","No Controls Present/Factor","Clear","Broadside","Non-Related","Parked Vehicle","Not Applicable","Not Applicable","East Of",""
"685010","CR-0000093694","0","0","0","0","22-213-9702","False","True","51","7/31/2022 11:30:00 PM","No Pedestrians Involved","Dry","No Unusual Conditions","Dark - Street Light","Unknown","Unknown","Clear","Sideswipe","Non-Related","Parked Vehicle","Not Applicable","Not Applicable","East Of",""
"685011","CR-0000093695","0","0","0","0","22-129-0957","False","False","22","7/31/2022 11:26:00 PM","No Pedestrians Involved","Dry","No Unusual Conditions","Dark - Street Light","Violation Driver 1","Controls Functioning","Clear","Broadside","Related","Other Vehicle","Not Applicable","Not Applicable","South Of",""
"685012","CR-0000093676","0","0","0","0","22-238-0069","False","False","96","8/26/2022 2:42:00 AM","No Pedestrians Involved","Dry","No Unusual Conditions","Dark - Street Light","Violation Driver 1","No Controls Present/Factor","Clear","Sideswipe","Non-Related","Parked Vehicle","Not Applicable","Not Applicable","West Of",""
"685013","CR-0000093700","1","2","0","0","22-188-0371","False","False","0","7/7/2022 12:00:00 PM","No Pedestrians Involved","Dry","No Unusual Conditions","Daylight","Violation Driver 1","Controls Functioning","Clear","Broadside","Intersection","Other Object","Not Applicable","Not Applicable","At",""
"685014","CR-0000093704","1","0","0","0","22-202-0877","False","False","24","7/21/2022 5:59:00 PM","Crossing In Crosswalk - At Intersection","Dry","No Unusual Conditions","Daylight","Violation Driver 1","Controls Not Functioning","Clear","Vehicle/Pedestrian","Related","Pedestrian","North","South","East Of","PED"
"685015","CR-0000093701","2","0","0","0","22-188-0524","False","False","0","7/7/2022 3:21:00 PM","No Pedestrians Involved","Dry","No Unusual Conditions","Daylight","Violation Driver 1","Controls Functioning","Clear","Broadside","Related","Other Vehicle","Not Applicable","Not Applicable","At",""
"685016","CR-0000093703","2","0","0","0","22-202-0710","False","False","0","7/21/2022 5:18:00 PM","No Pedestrians Involved","Dry","No Unusual Conditions","Daylight","Violation Driver 1","Controls Functioning","Clear","Broadside","Intersection","Other Vehicle","Not Applicable","Not Applicable","At",""
"685017","CR-0000093686","0","1","0","0","22-210-0874","False","False","970","7/29/2022 8:14:00 PM","No Pedestrians Involved","Dry","No Unusual Conditions","Daylight","Bike At Fault","No Controls Present/Factor","Cloudy","Vehicle/Bike","Non-Related","Bike","Not Applicable","Not Applicable","South Of","BIKE"
"685018","CR-0000093666","1","0","0","0","22-237-0433","False","False","0","8/25/2022 12:35:00 PM","No Pedestrians Involved","Dry","No Unusual Conditions","Daylight","Violation Driver 1","No Controls Present/Factor","Clear","Broadside","Intersection","Other Vehicle","Not Applicable","Not Applicable","At",""
"685019","CR-0000093698","0","0","0","0","22-187-0438","False","False","690","7/6/2022 1:17:00 PM","No Pedestrians Involved","Dry","No Unusual Conditions","Daylight","Violation Driver 1","No Controls Present/Factor","Clear","Hit Object","Non-Related","Fixed Object","Not Applicable","Not Applicable","West Of","Telephone Pole"
"685020","CR-0000093673","0","2","1","0","22-206-0596","False","False","0","7/25/2022 3:17:00 PM","No Pedestrians Involved","Dry","No Unusual Conditions","Daylight","Violation Driver 1","No Controls Present/Factor","Clear","Broadside","Intersection","Other Vehicle","Not Applicable","Not Applicable","At",""
"685021","CR-0000093705","0","0","0","0","22-203-0918","False","False","90","7/22/2022 9:49:00 PM","No Pedestrians Involved","Dry","No Unusual Conditions","Dark - Street Light","Violation Driver 1","Controls Functioning","Clear","Sideswipe","Non-Related","Parked Vehicle","Not Applicable","Not Applicable","North Of",""
"685022","CR-0000093670","0","0","0","0","22-205-0611","False","False","0","7/24/2022 4:25:00 PM","No Pedestrians Involved","Dry","No Unusual Conditions","Daylight","Violation Driver 1","No Controls Present/Factor","Clear","Sideswipe","Intersection","Other Vehicle","Not Applicable","Not Applicable","At",""
"685023","CR-0000093699","1","0","0","0","22-187-0626","False","False","24","7/6/2022 4:15:00 PM","No Pedestrians Involved","Dry","No Unusual Conditions","Daylight","Violation Driver 1","Controls Functioning","Clear","Rear End","Related","Other Vehicle","Not Applicable","Not Applicable","West Of",""
"685024","CR-0000093671","0","0","0","0","22-207-9706","False","False","0","7/25/2022 2:30:00 PM","No Pedestrians Involved","Dry","No Unusual Conditions","Daylight","Unknown","Controls Functioning","Clear","Rear End","Intersection","Other Vehicle","Not Applicable","Not Applicable","At",""
"685025","CR-0000093702","1","0","0","0","22-195-0769","False","False","0","7/14/2022 6:55:00 PM","No Pedestrians Involved","Dry","No Unusual Conditions","Daylight","Bike At Fault","Controls Functioning","Clear","Vehicle/Bike","Intersection","Bike","Not Applicable","Not Applicable","At","BIKE"
"685026","CR-0000093696","1","0","0","0","22-182-0095","False","False","105","7/1/2022 2:33:00 AM","No Pedestrians Involved","Dry","No Unusual Conditions","Dark - Street Light","Violation Driver 1","Controls Functioning","Clear","Rear End","Non-Related","Parked Vehicle","Not Applicable","Not Applicable","East Of",""
"685027","CR-0000093683","0","0","0","0","22-210-0535","True","False","583","7/29/2022 2:57:00 PM","No Pedestrians Involved","Dry","No Unusual Conditions","Daylight","Violation Driver 1","No Controls Present/Factor","Clear","Hit Object","Non-Related","Fixed Object","Not Applicable","Not Applicable","West Of","No Stopping Sign"
"685028","CR-0000093668","2","0","0","0","22-237-0473","False","False","0","8/25/2022 1:19:00 PM","No Pedestrians Involved","Dry","No Unusual Conditions","Daylight","Violation Driver 1","No Controls Present/Factor","Clear","Broadside","Intersection","Other Vehicle","Not Applicable","Not Applicable","At",""
"685029","CR-0000093674","0","0","0","0","22-207-0279","False","False","0","7/26/2022 9:57:00 AM","No Pedestrians Involved","Dry","No Unusual Conditions","Daylight","Violation Driver 1","No Controls Present/Factor","Clear","Broadside","Intersection","Other Vehicle","Not Applicable","Not Applicable","At",""
"685030","CR-0000093688","1","0","0","0","22-211-0400","False","False","0","7/30/2022 11:22:00 AM","No Pedestrians Involved","Dry","No Unusual Conditions","Daylight","Unknown","Controls Functioning","Clear","Broadside","Intersection","Other Vehicle","Not Applicable","Not Applicable","At",""
"685031","CR-0000093706","0","0","0","0","22-211-0711","False","False","0","7/30/2022 5:21:00 PM","No Pedestrians Involved","Dry","No Unusual Conditions","Daylight","Violation Driver 1","Controls Functioning","Clear","Sideswipe","Intersection","Non-Collision","Not Applicable","Not Applicable","At",""
"685032","CR-0000093693","0","0","0","0","22-120-0860","False","False","0","7/31/2022 9:40:00 PM","No Pedestrians Involved","Dry","No Unusual Conditions","Dark - Street Light","Violation Driver 1","Controls Functioning","Clear","Rear End","Intersection","Other Vehicle","Not Applicable","Not Applicable","At",""
"685033","CR-0000093681","0","0","0","0","22-209-0046","False","False","104","7/28/2022 1:10:00 AM","No Pedestrians Involved","Dry","No Unusual Conditions","Dark - Street Light","Violation Driver 1","No Controls Present/Factor","Clear","Broadside","Non-Related","Parked Vehicle","Not Applicable","Not Applicable","West Of",""
"685034","CR-0000093680","0","0","0","0","22-216-9702","False","False","","7/27/2022 1:00:00 PM","No Pedestrians Involved","Dry","No Unusual Conditions","Daylight","Unknown","Controls Functioning","Clear","Rear End","Related","Other Vehicle","Not Applicable","Not Applicable","West Of",""
"685035","CR-0000093672","2","0","0","0","22-237-0871","False","False","0","8/25/2022 7:51:00 PM","No Pedestrians Involved","Dry","No Unusual Conditions","Daylight","Violation Driver 1","Unknown","Unknown","Broadside","Intersection","Other Vehicle","Not Applicable","Not Applicable","At",""
"685036","CR-0000093689","0","0","0","0","22-211-9703","False","True","0","7/30/2022 1:20:00 PM","No Pedestrians Involved","Dry","No Unusual Conditions","Daylight","Unknown","No Controls Present/Factor","Clear","Rear End","Intersection","Parked Vehicle","Not Applicable","Not Applicable","At",""
"685037","CR-0000093675","0","0","0","0","22-207-0524","False","False","0","7/26/2022 10:30:00 AM","No Pedestrians Involved","Dry","No Unusual Conditions","Daylight","Violation Driver 1","Controls Functioning","Clear","Sideswipe","Intersection","Other Vehicle","Not Applicable","Not Applicable","At",""
"685038","CR-0000093707","1","0","0","0","22-238-0872","False","False","75","8/26/2022 8:25:00 PM","Crossing - Not In Crosswalk","Dry","No Unusual Conditions","Dark - Street Light","Pedestrian At Fault","No Controls Present/Factor","Clear","Vehicle/Pedestrian","Non-Related","Pedestrian","North","South","West Of","PEDESTRIAN"
"685039","CR-0000093708","1","0","0","0","22-239-0407","False","False","300","8/27/2022 12:36:00 PM","No Pedestrians Involved","Dry","No Unusual Conditions","Daylight","Violation Driver 1","Controls Functioning","Clear","Rear End","Non-Related","Other Vehicle","Not Applicable","Not Applicable","West Of",""
"685040","CR-0000093710","1","0","0","0","22-240-0402","False","False","100","8/28/2022 11:29:00 AM","No Pedestrians Involved","Dry","No Unusual Conditions","Daylight","Violation Driver 1","Controls Functioning","Clear","Rear End","Non-Related","Other Vehicle","Not Applicable","Not Applicable","South Of",""
"685041","CR-0000093709","1","2","0","0","22-240-0329","False","False","75","8/28/2022 9:06:00 AM","No Pedestrians Involved","Dry","No Unusual Conditions","Daylight","Violation Driver 1","Controls Functioning","Clear","Rear End","Non-Related","Other Vehicle","Not Applicable","Not Applicable","East Of",""
"685042","CR-0000093711","0","0","0","0","22-250-9707","False","True","51","8/28/2022 2:30:00 PM","No Pedestrians Involved","Dry","No Unusual Conditions","Daylight","Unknown","Controls Functioning","Clear","Rear End","Non-Related","Other Vehicle","Not Applicable","Not Applicable","East Of",""
"685043","CR-0000093712","4","0","0","0","22-240-0583","False","False","250","8/28/2022 3:13:00 PM","No Pedestrians Involved","Dry","Unknown","Daylight","Violation Driver 1","Controls Functioning","Clear","Rear End","Non-Related","Other Vehicle","Not Applicable","Not Applicable","North Of",""
"685044","CR-0000093722","1","0","0","0","22-241-0884","False","False","114","8/29/2022 7:57:00 PM","No Pedestrians Involved","Dry","No Unusual Conditions","Dark - Street Light","Violation Driver 1","Unknown","Clear","Hit Object","Non-Related","Fixed Object","Not Applicable","Not Applicable","East Of","CURB"
"685045","CR-0000093720","2","0","0","0","22-241-0566","False","False","0","8/29/2022 2:39:00 PM","No Pedestrians Involved","Dry","No Unusual Conditions","Daylight","Violation Driver 1","Controls Not Functioning","Clear","Sideswipe","Intersection","Other Vehicle","Not Applicable","Not Applicable","At",""
"685046","CR-0000093737","0","1","0","0","22-215-0857","False","False","0","8/3/2022 8:45:00 PM","No Pedestrians Involved","Dry","No Unusual Conditions","Dark - Street Light","Violation Driver 1","No Controls Present/Factor","Clear","Sideswipe","Intersection","Other Vehicle","Not Applicable","Not Applicable","At",""
"685047","CR-0000093726","1","1","0","0","22-242-0774","False","False","0","8/30/2022 5:10:00 PM","No Pedestrians Involved","Dry","No Unusual Conditions","Daylight","Violation Driver 1","Controls Functioning","Clear","Broadside","Intersection","Other Vehicle","Not Applicable","Not Applicable","At",""
"685048","CR-0000093717","0","1","0","0","22-241-0033","True","False","52","8/29/2022 12:48:00 AM","No Pedestrians Involved","Dry","No Unusual Conditions","Dark - Street Light","Violation Driver 1","Controls Functioning","Clear","Hit Object","Non-Related","Fixed Object","Not Applicable","Not Applicable","South Of","TRAFFIC SIGNAL"
"685049","CR-0000093718","1","0","0","0","22-241-0529","False","False","350","8/29/2022 1:28:00 PM","No Pedestrians Involved","Dry","No Unusual Conditions","Daylight","Violation Driver 1","No Controls Present/Factor","Clear","Broadside","Non-Related","Other Vehicle","Not Applicable","Not Applicable","East Of",""
"685050","CR-0000093734","1","0","0","0","22-213-0395","False","False","0","8/1/2022 11:45:00 AM","No Pedestrians Involved","Dry","No Unusual Conditions","Daylight","Violation Driver 1","Controls Not Functioning","Clear","Broadside","Intersection","Other Vehicle","Not Applicable","Not Applicable","At",""
"685051","CR-0000093731","1","0","0","0","22-238-0128","False","False","0","8/26/2022 6:05:00 AM","No Pedestrians Involved","Dry","No Unusual Conditions","Dusk - Dawn","Violation Driver 1","No Controls Present/Factor","Clear","Sideswipe","Intersection","Parked Vehicle","Not Applicable","Not Applicable","At",""
"685052","CR-0000093733","1","1","0","0","22-213-0255","False","False","67","8/1/2022 9:07:00 AM","No Pedestrians Involved","Dry","No Unusual Conditions","Daylight","Violation Driver 1","Controls Functioning","Clear","Rear End","Non-Related","Other Vehicle","Not Applicable","Not Applicable","East Of",""
"685053","CR-0000093730","1","0","0","0","22-238-0505","False","False","0","8/26/2022 2:35:00 PM","No Pedestrians Involved","Dry","No Unusual Conditions","Daylight","Violation Driver 1","Controls Functioning","Clear","Broadside","Intersection","Other Vehicle","Not Applicable","Not Applicable","At",""
"685054","CR-0000093727","2","2","0","0","22-242-0884","False","False","0","8/30/2022 6:47:00 PM","No Pedestrians Involved","Dry","No Unusual Conditions","Daylight","Violation Driver 1","No Controls Present/Factor","Clear","Head On","Intersection","Other Vehicle","Not Applicable","Not Applicable","At",""
"685055","CR-0000093714","0","0","0","0","22-240-0787","True","False","0","8/28/2022 6:55:00 PM","No Pedestrians Involved","Dry","No Unusual Conditions","Daylight","Violation Driver 1","No Controls Present/Factor","Clear","Hit Object","Intersection","Fixed Object","Not Applicable","Not Applicable","At","CROSSWALK SIGN"
"685056","CR-0000093713","0","1","0","0","22-240-0693","False","False","75","8/28/2022 5:21:00 PM","No Pedestrians Involved","Dry","No Unusual Conditions","Daylight","Violation Driver 1","Unknown","Clear","Vehicle/Bike","Non-Related","Bike","Not Applicable","Not Applicable","North Of","BIKE"
"685057","CR-0000093715","1","0","0","0","22-240-0792","False","False","0","8/28/2022 7:03:00 PM","No Pedestrians Involved","Dry","No Unusual Conditions","Daylight","Violation Driver 1","Controls Functioning","Clear","Broadside","Intersection","Other Vehicle","Not Applicable","Not Applicable","At",""
"685058","CR-0000093719","1","0","0","0","22-241-0234","False","False","0","8/29/2022 8:14:00 AM","No Pedestrians Involved","Dry","No Unusual Conditions","Daylight","Violation Driver 1","Controls Functioning","Clear","Head On","Intersection","Other Vehicle","Not Applicable","Not Applicable","At",""
"685059","CR-0000093728","1","1","0","0","22-242-1083","False","False","0","8/30/2022 11:40:00 PM","No Pedestrians Involved","Dry","No Unusual Conditions","Dark - Street Light","Violation Driver 1","Controls Functioning","Clear","Broadside","Intersection","Other Vehicle","Not Applicable","Not Applicable","At",""
"685060","CR-0000093723","1","0","0","0","22-242-0399","False","False","110","8/30/2022 11:20:00 AM","In Road - Includes Shoulder","Dry","No Unusual Conditions","Daylight","Pedestrian At Fault","No Controls Present/Factor","Clear","Vehicle/Pedestrian","Non-Related","Pedestrian","West","East","North Of","PEDESTRIANS (2) (ADULT & BABY)"
"685061","CR-0000093735","2","0","0","0","22-213-1044","False","False","0","8/1/2022 11:34:00 PM","No Pedestrians Involved","Dry","No Unusual Conditions","Dark - Street Light","Violation Driver 1","No Controls Present/Factor","Clear","Broadside","Related","Other Vehicle","Not Applicable","Not Applicable","At",""
"685062","CR-0000093724","1","0","0","0","22-242-0516","False","False","0","8/30/2022 12:54:00 PM","No Pedestrians Involved","Unknown","Unknown","Daylight","Violation Driver 1","Unknown","Unknown","Vehicle/Bike","Intersection","Bike","Not Applicable","Not Applicable","At","BIKE"
"685063","CR-0000093721","3","2","0","0","22-242-0194","False","False","0","8/30/2022 7:50:00 AM","No Pedestrians Involved","Dry","No Unusual Conditions","Daylight","Violation Driver 1","Controls Functioning","Clear","Broadside","Intersection","Other Vehicle","Not Applicable","Not Applicable","At",""
"685064","CR-0000093732","0","0","0","0","22-240-0658","False","False","51","8/28/2022 4:40:00 PM","No Pedestrians Involved","Dry","No Unusual Conditions","Daylight","Violation Driver 1","Controls Functioning","Clear","Rear End","Non-Related","Other Vehicle","Not Applicable","Not Applicable","East Of",""
"685065","CR-0000093729","0","0","0","0","22-243-0320","False","False","81","8/30/2022 10:40:00 AM","No Pedestrians Involved","Dry","No Unusual Conditions","Daylight","Violation Driver 1","Controls Functioning","Clear","Rear End","Non-Related","Other Vehicle","Not Applicable","Not Applicable","East Of","EMERGENCY VEHICLE INVOLVED"
"685066","CR-0000093736","1","0","0","0","22-215-0672","False","False","46","8/3/2022 5:17:00 PM","No Pedestrians Involved","Dry","No Unusual Conditions","Daylight","Violation Driver 1","Controls Functioning","Clear","Broadside","Related","Other Vehicle","Not Applicable","Not Applicable","North Of",""
"685067","CR-0000093725","0","1","0","0","22-242-0556","False","False","413","8/30/2022 1:41:00 PM","No Pedestrians Involved","Dry","No Unusual Conditions","Daylight","Violation Driver 1","No Controls Present/Factor","Clear","Sideswipe","Non-Related","Other Vehicle","Not Applicable","Not Applicable","South Of",""
"685068","CR-0000093716","2","0","0","0","22-240-0853","False","False","0","8/28/2022 8:12:00 PM","No Pedestrians Involved","Dry","No Unusual Conditions","Dark - Street Light","Violation Driver 1","Controls Functioning","Clear","Broadside","Intersection","Other Vehicle","Not Applicable","Not Applicable","At",""
"685069","CR-0000093740","0","0","0","0","22-220-0063","True","False","170","8/8/2022 1:43:00 AM","No Pedestrians Involved","Dry","No Unusual Conditions","Dark - Street Light","Violation Driver 1","Controls Functioning","Clear","Hit Object","Non-Related","Fixed Object","Not Applicable","Not Applicable","East Of","Light Pole and Tree"
"685070","CR-0000093738","0","0","1","1","22-259-0211","False","False","0","9/16/2022 8:03:00 AM","Crossing In Crosswalk - At Intersection","Dry","No Unusual Conditions","Daylight","Violation Driver 1","No Controls Present/Factor","Clear","Vehicle/Pedestrian","Intersection","Pedestrian","South","North","At","PED"
"685071","CR-0000093739","0","0","1","0","22-201-0825","False","False","0","7/20/2022 8:09:00 PM","No Pedestrians Involved","Dry","No Unusual Conditions","Dusk - Dawn","Violation Driver 1","No Controls Present/Factor","Clear","Other","Intersection","Unknown","Not Applicable","Not Applicable","At","OTHER VEHICLE IS LISTED, BUT DESCRIPTION DOESN'T SAY HOW IT WAS INVOLVED. MENTION OF A TREE, NOT SURE WHY."
"685072","CR-0000093741","0","0","0","0","22-225-0082","False","False","290","8/13/2022 1:44:00 AM","No Pedestrians Involved","Dry","No Unusual Conditions","Unknown","Violation Driver 1","Controls Functioning","Clear","Sideswipe","Non-Related","Parked Vehicle","Not Applicable","Not Applicable","West Of",""
"685073","CR-0000093742","0","0","0","0","22-236-0967","False","False","0","8/24/2022 8:37:00 PM","No Pedestrians Involved","Dry","No Unusual Conditions","Dark - Street Light","Violation Driver 1","Controls Functioning","Clear","Rear End","Intersection","Other Vehicle","Not Applicable","Not Applicable","At",""
"685074","CR-0000093752","1","0","0","0","22-217-0561","False","False","0","8/5/2022 3:48:00 PM","No Pedestrians Involved","Dry","No Unusual Conditions","Daylight","Violation Driver 1","No Controls Present/Factor","Clear","Sideswipe","Intersection","Other Vehicle","Not Applicable","Not Applicable","At",""
"685075","CR-0000093744","0","1","0","0","22-216-0329","False","False","1100","8/4/2022 10:21:00 AM","No Pedestrians Involved","Dry","No Unusual Conditions","Daylight","Violation Driver 1","No Controls Present/Factor","Clear","Rear End","Non-Related","Motorcycle","Not Applicable","Not Applicable","South Of",""
"685076","CR-0000093747","0","0","0","0","22-216-0730","False","False","0","8/4/2022 5:25:00 PM","Crossing In Crosswalk - At Intersection","Dry","Unknown","Daylight","Violation Driver 1","No Controls Present/Factor","Clear","Vehicle/Pedestrian","Intersection","Pedestrian","South","North","At","PEDESTRIAN"
"685077","CR-0000093754","1","1","0","0","22-219-0545","False","False","0","8/7/2022 3:26:00 PM","No Pedestrians Involved","Dry","No Unusual Conditions","Daylight","Violation Driver 1","No Controls Present/Factor","Clear","Rear End","Intersection","Other Vehicle","Not Applicable","Not Applicable","At",""
"685078","CR-0000093748","1","1","0","0","22-216-0845","False","False","0","8/4/2022 7:30:00 PM","No Pedestrians Involved","Dry","Construction - Repair Zone","Dusk - Dawn","Violation Driver 1","No Controls Present/Factor","Clear","Broadside","Intersection","Other Vehicle","Not Applicable","Not Applicable","At",""
"685079","CR-0000093743","4","2","0","0","22-216-0265","False","False","521","8/4/2022 9:15:00 AM","No Pedestrians Involved","Dry","No Unusual Conditions","Daylight","Violation Driver 1","No Controls Present/Factor","Clear","Broadside","Non-Related","Other Vehicle","Not Applicable","Not Applicable","North Of",""
"685080","CR-0000093746","1","0","0","0","22-216-0708","False","False","51","8/4/2022 4:58:00 PM","No Pedestrians Involved","Dry","No Unusual Conditions","Daylight","Violation Driver 1","No Controls Present/Factor","Clear","Rear End","Non-Related","Other Vehicle","Not Applicable","Not Applicable","South Of",""
"685081","CR-0000093750","1","1","0","0","22-217-0329","False","False","108","8/5/2022 10:50:00 AM","No Pedestrians Involved","Dry","No Unusual Conditions","Daylight","Violation Driver 1","Controls Functioning","Clear","Rear End","Non-Related","Other Vehicle","Not Applicable","Not Applicable","South Of",""
"685082","CR-0000093753","1","0","0","0","22-218-0431","False","False","0","8/6/2022 12:52:00 PM","No Pedestrians Involved","Dry","No Unusual Conditions","Daylight","Violation Driver 1","Unknown","Clear","Sideswipe","Intersection","Other Vehicle","Not Applicable","Not Applicable","At",""
"685083","CR-0000093745","1","0","0","0","22-216-0435","False","False","0","8/4/2022 1:43:00 PM","No Pedestrians Involved","Dry","Unknown","Daylight","Violation Driver 1","Controls Functioning","Clear","Broadside","Intersection","Motorcycle","Not Applicable","Not Applicable","At",""
"685084","CR-0000093749","0","2","0","0","22-216-0854","True","False","333","8/4/2022 7:41:00 PM","No Pedestrians Involved","Dry","No Unusual Conditions","Dusk - Dawn","Violation Driver 1","No Controls Present/Factor","Clear","Hit Object","Non-Related","Fixed Object","Not Applicable","Not Applicable","East Of","GOLF CART HIT LIGHT POLE WITH NO DAMAGE"
"685085","CR-0000093751","0","1","0","0","22-217-0447","False","False","68","8/5/2022 1:27:00 PM","No Pedestrians Involved","Dry","No Unusual Conditions","Daylight","Violation Driver 1","Controls Functioning","Clear","Rear End","Non-Related","Motorcycle","Not Applicable","Not Applicable","East Of",""
"685086","CR-0000093760","1","0","0","0","22-220-0728","False","False","0","8/8/2022 6:00:00 PM","No Pedestrians Involved","Dry","No Unusual Conditions","Daylight","Violation Driver 1","Unknown","Clear","Rear End","Intersection","Other Vehicle","Not Applicable","Not Applicable","At",""
"685087","CR-0000093756","1","0","0","1","22-265-0683","True","False","695","9/22/2022 4:33:00 PM","No Pedestrians Involved","Dry","No Unusual Conditions","Daylight","Unknown","No Controls Present/Factor","Clear","Sideswipe","Non-Related","Parked Vehicle","Not Applicable","Not Applicable","North Of","TREE, Party 1 was towing 2 pickup trucks"
"685088","CR-0000093759","0","0","1","0","22-221-1080","True","False","0","8/9/2022 11:21:00 PM","No Pedestrians Involved","Dry","Unknown","Dark - Street Light","Unknown","Controls Functioning","Clear","Broadside","Intersection","Other Vehicle","Not Applicable","Not Applicable","At","TRAFFIC LIGHT"
"685089","CR-0000093764","0","1","0","0","22-222-0612","False","False","0","8/10/2022 3:30:00 PM","No Pedestrians Involved","Dry","No Unusual Conditions","Daylight","Violation Driver 1","No Controls Present/Factor","Clear","Broadside","Intersection","Motorcycle","Not Applicable","Not Applicable","At",""
"685090","CR-0000093761","0","0","0","0","22-221-0217","False","False","50","8/9/2022 8:14:00 AM","No Pedestrians Involved","Dry","No Unusual Conditions","Daylight","Violation Driver 1","No Controls Present/Factor","Clear","Sideswipe","Related","Parked Vehicle","Not Applicable","Not Applicable","North Of",""