"CrashFactId","Name","MinorInjuries","ModerateInjuries","SevereInjuries","FatalInjuries","TcrNumber","CityDamageFlag","ShortFormFlag","Distance","CrashDateTime","PedestrianAction","RoadwaySurface","RoadwayCondition","Lighting","PrimaryCollisionFactor","TrafficControl","Weather","CollisionType","ProximityToIntersection","VehicleInvolvedWith","PedestrianDirectionFrom","PedestrianDirectionTo","DirectionFromIntersection","Comment"
"685287","CR-0000093967","1","0","0","0","22-257-0152","False","False","0","9/14/2022 7:25:00 AM","No Pedestrians Involved","Dry","No Unusual Conditions","Daylight","Violation Driver 1","Unknown","Clear","Sideswipe","Intersection","Other Vehicle","Not Applicable","Not Applicable","At",""
"685288","CR-0000093968","0","1","0","0","22-259-0676","False","False","89","9/16/2022 4:50:00 PM","No Pedestrians Involved","Dry","No Unusual Conditions","Daylight","Violation Driver 1","No Controls Present/Factor","Clear","Broadside","Non-Related","Other Vehicle","Not Applicable","Not Applicable","South Of",""
"685289","CR-0000093969","2","0","0","0","22-259-0968","False","False","0","9/16/2022 8:54:00 PM","No Pedestrians Involved","Unknown","No Unusual Conditions","Daylight","Violation Driver 1","Controls Functioning","Clear","Rear End","Intersection","Other Vehicle","Not Applicable","Not Applicable","At",""
"685290","CR-0000093970","0","1","0","0","22-260-0208","False","False","98","9/17/2022 8:51:00 AM","Crossing - Not In Crosswalk","Dry","No Unusual Conditions","Daylight","Violation Driver 1","Unknown","Clear","Vehicle/Pedestrian","Non-Related","Pedestrian","Unknown","Unknown","North Of","PEDESTRIAN"
"685291","CR-0000093971","0","0","1","0","22-261-0666","False","False","0","9/18/2022 5:51:00 PM","No Pedestrians Involved","Wet","No Unusual Conditions","Dark - Street Light","Bike At Fault","Controls Functioning","Rain","Vehicle/Bike","Intersection","Bike","Not Applicable","Not Applicable","At","BIKE"
"685292","CR-0000093972","0","0","0","0","22-261-0924","False","False","0","9/18/2022 11:01:00 PM","No Pedestrians Involved","Wet","No Unusual Conditions","Dark - Street Light","Violation Driver 1","Controls Functioning","Rain","Hit Object","Intersection","Parked Vehicle","Not Applicable","Not Applicable","At",""
"685293","CR-0000093973","0","1","0","0","22-263-0072","False","False","42","9/20/2022 2:11:00 AM","No Pedestrians Involved","Dry","No Unusual Conditions","Dark - Street Light","Violation Driver 1","No Controls Present/Factor","Clear","Rear End","Related","Parked Vehicle","Not Applicable","Not Applicable","West Of",""
"685294","CR-0000093974","0","0","0","0","22-263-0140","True","False","198","9/20/2022 5:45:00 AM","No Pedestrians Involved","Dry","No Unusual Conditions","Dusk - Dawn","Violation Driver 1","No Controls Present/Factor","Clear","Hit Object","Non-Related","Fixed Object","Not Applicable","Not Applicable","West Of","LIGHT POLE (12R396)"
"685295","CR-0000093976","0","0","0","0","22-263-0196","False","False","0","9/20/2022 8:30:00 AM","No Pedestrians Involved","Dry","Unknown","Daylight","Violation Driver 1","Controls Functioning","Cloudy","Broadside","Intersection","Other Vehicle","Not Applicable","Not Applicable","At",""
"685296","CR-0000093977","0","0","1","0","22-263-0882","False","False","0","9/20/2022 8:20:00 PM","Crossing In Crosswalk - At Intersection","Dry","No Unusual Conditions","Dark - Street Light","Violation Driver 1","No Controls Present/Factor","Clear","Vehicle/Pedestrian","Intersection","Pedestrian","Unknown","Unknown","At","PEDESTRIAN"
"685297","CR-0000093978","3","0","0","0","22-264-0795","False","False","20","9/21/2022 6:30:00 PM","No Pedestrians Involved","Dry","No Unusual Conditions","Daylight","Violation Driver 1","Controls Functioning","Clear","Broadside","Related","Other Vehicle","Not Applicable","Not Applicable","West Of",""
"685298","CR-0000093979","1","0","0","0","22-265-0149","False","False","0","9/22/2022 7:12:00 AM","No Pedestrians Involved","Dry","No Unusual Conditions","Daylight","Violation Driver 1","Unknown","Clear","Broadside","Intersection","Other Vehicle","Not Applicable","Not Applicable","At",""
"685299","CR-0000093980","1","0","0","0","22-266-0685","False","False","353","9/23/2022 4:46:00 PM","No Pedestrians Involved","Dry","No Unusual Conditions","Daylight","Violation Driver 1","No Controls Present/Factor","Clear","Head On","Non-Related","Other Vehicle","Not Applicable","Not Applicable","West Of",""
"685300","CR-0000093981","0","0","0","0","22-245-0816","False","False","48","9/2/2022 6:30:00 PM","No Pedestrians Involved","Dry","No Unusual Conditions","Daylight","Violation Driver 1","Unknown","Clear","Broadside","Related","Parked Vehicle","Not Applicable","Not Applicable","South Of",""
"685301","CR-0000093982","1","0","0","0","22-246-0370","False","False","0","9/3/2022 11:32:00 AM","No Pedestrians Involved","Dry","No Unusual Conditions","Daylight","Violation Driver 1","Controls Functioning","Clear","Head On","Intersection","Other Vehicle","Not Applicable","Not Applicable","At",""
"685302","CR-0000093983","0","0","0","0","22-246-0817","False","False","30","9/3/2022 8:50:00 PM","No Pedestrians Involved","Dry","No Unusual Conditions","Dark - Street Light","Violation Driver 1","No Controls Present/Factor","Clear","Rear End","Related","Other Vehicle","Not Applicable","Not Applicable","North Of","PD"
"685303","CR-0000093984","1","0","0","0","22-246-0834","False","False","0","9/3/2022 9:24:00 PM","No Pedestrians Involved","Dry","No Unusual Conditions","Dark - Street Light","Violation Driver 1","No Controls Present/Factor","Clear","Rear End","Intersection","Other Vehicle","Not Applicable","Not Applicable","At",""
"685304","CR-0000093985","0","0","0","0","22-247-0142","False","False","382","9/4/2022 3:49:00 AM","No Pedestrians Involved","Dry","No Unusual Conditions","Dark - Street Light","Violation Driver 1","Controls Functioning","Clear","Rear End","Non-Related","Parked Vehicle","Not Applicable","Not Applicable","East Of",""
"685305","CR-0000093986","0","0","0","0","22-247-0257","False","False","0","9/4/2022 9:16:00 AM","No Pedestrians Involved","Dry","No Unusual Conditions","Daylight","Violation Driver 1","Controls Functioning","Clear","Sideswipe","Intersection","Other Vehicle","Not Applicable","Not Applicable","At",""
"685306","CR-0000093987","0","0","0","0","22-247-0348","False","False","0","9/4/2022 12:00:00 PM","No Pedestrians Involved","Dry","No Unusual Conditions","Daylight","Violation Driver 1","Controls Functioning","Clear","Sideswipe","Intersection","Parked Vehicle","Not Applicable","Not Applicable","At","SJFD VEHICLE INVOLVED"
"685307","CR-0000093988","0","0","0","0","22-247-0678","False","False","45","9/4/2022 6:37:00 PM","No Pedestrians Involved","Dry","No Unusual Conditions","Daylight","Violation Driver 1","Controls Functioning","Clear","Other","Related","Parked Vehicle","Not Applicable","Not Applicable","West Of",""
"685308","CR-0000093989","1","0","0","0","22-247-0750","False","False","93","9/4/2022 7:43:00 PM","No Pedestrians Involved","Dry","No Unusual Conditions","Dark - Street Light","Violation Driver 1","No Controls Present/Factor","Clear","Broadside","Non-Related","Parked Vehicle","Not Applicable","Not Applicable","South Of",""
"685309","CR-0000093990","1","0","0","0","22-247-0759","True","False","0","9/4/2022 7:55:00 PM","No Pedestrians Involved","Wet","No Unusual Conditions","Dark - Street Light","Violation Driver 1","Controls Functioning","Clear","Sideswipe","Intersection","Other Vehicle","Not Applicable","Not Applicable","At","LIGHT POLE"
"685310","CR-0000093991","0","0","0","0","22-248-0324","False","False","235","9/5/2022 9:55:00 AM","No Pedestrians Involved","Dry","No Unusual Conditions","Daylight","Violation Driver 1","No Controls Present/Factor","Clear","Sideswipe","Non-Related","Parked Vehicle","Not Applicable","Not Applicable","West Of",""
"685311","CR-0000093992","0","0","0","0","22-248-0796","True","False","41","9/5/2022 7:05:00 PM","No Pedestrians Involved","Dry","No Unusual Conditions","Daylight","Violation Driver 1","Controls Functioning","Clear","Hit Object","Related","Fixed Object","Not Applicable","Not Applicable","East Of","TREE"
"685312","CR-0000093993","0","0","0","0","22-248-0957","False","False","0","9/5/2022 9:57:00 PM","No Pedestrians Involved","Dry","No Unusual Conditions","Dark - Street Light","Violation Driver 1","Controls Functioning","Clear","Broadside","Intersection","Other Vehicle","Not Applicable","Not Applicable","At",""
"685313","CR-0000093994","0","0","0","0","22-249-0218","False","False","164","9/5/2022 10:00:00 PM","No Pedestrians Involved","Dry","No Unusual Conditions","Dusk - Dawn","Violation Driver 1","No Controls Present/Factor","Unknown","Rear End","Non-Related","Parked Vehicle","Not Applicable","Not Applicable","North Of",""
"685314","CR-0000093995","3","1","0","0","22-249-0108","False","False","33","9/6/2022 10:30:00 PM","No Pedestrians Involved","Dry","No Unusual Conditions","Dark - Street Light Not Functioning","Violation Driver 1","Controls Not Functioning","Clear","Rear End","Related","Other Vehicle","Not Applicable","Not Applicable","West Of","POWER OUTAGE"
"685315","CR-0000093996","0","0","0","0","22-250-0012","True","False","0","9/7/2022 12:03:00 AM","No Pedestrians Involved","Dry","No Unusual Conditions","Dark - Street Light","Violation Driver 1","No Controls Present/Factor","Clear","Rear End","Intersection","Parked Vehicle","Not Applicable","Not Applicable","At","LIGHT POLE"
"685316","CR-0000093997","0","0","0","0","22-250-0206","False","False","0","9/7/2022 8:03:00 AM","No Pedestrians Involved","Dry","No Unusual Conditions","Daylight","Violation Driver 1","Controls Not Functioning","Clear","Broadside","Intersection","Other Vehicle","Not Applicable","Not Applicable","At",""
"685317","CR-0000093998","0","0","0","0","22-250-9705","False","True","345","9/7/2022 7:45:00 AM","No Pedestrians Involved","Dry","No Unusual Conditions","Daylight","Unknown","Controls Functioning","Clear","Broadside","Non-Related","Other Vehicle","Not Applicable","Not Applicable","East Of",""
"685318","CR-0000093999","0","0","0","0","22-251-0240","False","False","100","9/8/2022 7:30:00 AM","No Pedestrians Involved","Dry","No Unusual Conditions","Daylight","Violation Driver 1","Controls Functioning","Clear","Rear End","Non-Related","Other Vehicle","Not Applicable","Not Applicable","West Of",""
"685319","CR-0000094000","0","0","0","0","22-251-0641","False","False","0","9/8/2022 3:55:00 PM","No Pedestrians Involved","Dry","No Unusual Conditions","Daylight","Violation Driver 1","Controls Functioning","Clear","Broadside","Intersection","Other Vehicle","Not Applicable","Not Applicable","At","SJPD INVOLVED"
"685320","CR-0000094001","0","0","0","0","22-251-0668","True","False","19","9/8/2022 4:14:00 PM","No Pedestrians Involved","Dry","No Unusual Conditions","Daylight","Violation Driver 1","Unknown","Clear","Head On","Related","Fixed Object","Not Applicable","Not Applicable","East Of","STOP SIGN"
"685321","CR-0000094002","0","0","0","0","22-251-0715","False","False","150","9/8/2022 4:55:00 PM","No Pedestrians Involved","Dry","No Unusual Conditions","Daylight","Violation Driver 1","Controls Functioning","Clear","Rear End","Non-Related","Other Vehicle","Not Applicable","Not Applicable","East Of",""
"685322","CR-0000094003","0","0","0","0","22-252-0378","False","False","108","9/9/2022 10:30:00 AM","No Pedestrians Involved","Dry","No Unusual Conditions","Daylight","Violation Driver 1","No Controls Present/Factor","Clear","Sideswipe","Non-Related","Other Vehicle","Not Applicable","Not Applicable","West Of",""
"685323","CR-0000094004","0","0","0","0","22-252-0977","False","False","0","9/9/2022 9:00:00 PM","No Pedestrians Involved","Dry","Unknown","Dark - Street Light","Violation Driver 1","Controls Functioning","Clear","Rear End","Intersection","Other Vehicle","Not Applicable","Not Applicable","At",""
"685324","CR-0000094005","0","0","0","0","22-252-0995","False","False","121","9/9/2022 9:50:00 PM","No Pedestrians Involved","Dry","No Unusual Conditions","Dark - Street Light","Violation Driver 1","No Controls Present/Factor","Clear","Head On","Non-Related","Parked Vehicle","Not Applicable","Not Applicable","West Of",""
"685325","CR-0000094006","0","0","0","0","22-252-1095","False","False","22","9/9/2022 11:16:00 PM","No Pedestrians Involved","Dry","No Unusual Conditions","Dark - Street Light","Violation Driver 1","No Controls Present/Factor","Clear","Head On","Related","Parked Vehicle","Not Applicable","Not Applicable","South Of",""
"685326","CR-0000094007","0","0","0","0","22-253-0119","False","False","180","9/10/2022 2:32:00 AM","No Pedestrians Involved","Dry","No Unusual Conditions","Dark - Street Light","Violation Driver 1","Controls Functioning","Clear","Rear End","Non-Related","Parked Vehicle","Not Applicable","Not Applicable","South Of",""
"685327","CR-0000094008","0","0","0","0","22-253-0845","False","False","0","9/10/2022 7:20:00 PM","No Pedestrians Involved","Dry","No Unusual Conditions","Dark - Street Light","Violation Driver 1","No Controls Present/Factor","Clear","Broadside","Intersection","Other Vehicle","Not Applicable","Not Applicable","At",""
"685328","CR-0000094009","0","0","0","0","22-253-0972","True","False","38","9/10/2022 9:30:00 PM","No Pedestrians Involved","Dry","No Unusual Conditions","Dark - Street Light","Violation Driver 1","Controls Functioning","Clear","Rear End","Related","Fixed Object","Not Applicable","Not Applicable","South Of","SIGNAL POLE AND TRASH CAN"
"685329","CR-0000094010","0","0","0","0","22-252-0091","False","False","478","9/9/2022 2:51:00 AM","No Pedestrians Involved","Dry","No Unusual Conditions","Dark - No Street Light","Violation Driver 1","No Controls Present/Factor","Clear","Head On","Non-Related","Parked Vehicle","Not Applicable","Not Applicable","West Of",""
"685330","CR-0000094011","3","1","0","0","22-249-1082","False","False","33","9/6/2022 10:30:00 PM","No Pedestrians Involved","Dry","No Unusual Conditions","Dark - Street Light Not Functioning","Violation Driver 1","Controls Not Functioning","Clear","Rear End","Related","Other Vehicle","Not Applicable","Not Applicable","West Of","POWER OUTAGE"
"685331","CR-0000094057","1","0","0","0","22-258-0701","False","False","135","9/15/2022 5:00:00 PM","No Pedestrians Involved","Dry","No Unusual Conditions","Daylight","Violation Driver 1","No Controls Present/Factor","Cloudy","Head On","Non-Related","Other Vehicle","Not Applicable","Not Applicable","South Of",""
"685332","CR-0000094058","1","0","0","0","22-252-0451","True","False","103","9/9/2022 12:27:00 PM","No Pedestrians Involved","Dry","Unknown","Daylight","Violation Driver 1","No Controls Present/Factor","Clear","Rear End","Non-Related","Parked Vehicle","Not Applicable","Not Applicable","North Of","POLE"
"685333","CR-0000094059","1","0","0","0","22-260-0516","True","False","1056","9/17/2022 4:14:00 PM","No Pedestrians Involved","Dry","No Unusual Conditions","Daylight","Violation Driver 1","No Controls Present/Factor","Clear","Hit Object","Non-Related","Fixed Object","Not Applicable","Not Applicable","North Of","TREE"
"685334","CR-0000094060","0","0","0","0","22-286-9710","False","True","","9/23/2022 5:30:00 PM","No Pedestrians Involved","Dry","No Unusual Conditions","Daylight","Violation Driver 1","No Controls Present/Factor","Clear","Rear End","Related","Parked Vehicle","Not Applicable","Not Applicable","Unknown",""
"685335","CR-0000094061","0","1","0","0","22-258-0666","False","False","134","9/15/2022 4:25:00 PM","No Pedestrians Involved","Dry","No Unusual Conditions","Daylight","Violation Driver 1","No Controls Present/Factor","Clear","Broadside","Non-Related","Parked Vehicle","Not Applicable","Not Applicable","South Of",""
"685336","CR-0000094062","0","0","0","0","22-267-0494","False","False","40","9/24/2022 1:22:00 PM","No Pedestrians Involved","Dry","No Unusual Conditions","Daylight","Violation Driver 1","Controls Functioning","Clear","Rear End","Related","Other Vehicle","Not Applicable","Not Applicable","East Of",""
"685337","CR-0000094063","0","0","0","0","22-225-0138","False","False","667","8/13/2022 3:11:00 AM","No Pedestrians Involved","Dry","No Unusual Conditions","Dark - Street Light","Violation Driver 1","No Controls Present/Factor","Clear","Hit Object","Non-Related","Fixed Object","Not Applicable","Not Applicable","South Of","CURB, SOUND WALL"
"685338","CR-0000094064","0","1","0","0","22-225-0188","False","False","27","8/13/2022 2:39:00 AM","No Pedestrians Involved","Dry","No Unusual Conditions","Dark - Street Light","Violation Driver 1","Controls Not Functioning","Clear","Hit Object","Related","Fixed Object","Not Applicable","Not Applicable","North Of","CURB"
"685339","CR-0000094065","0","0","0","0","22-225-0141","False","False","126","8/13/2022 3:30:00 AM","No Pedestrians Involved","Dry","No Unusual Conditions","Dark - Street Light","Violation Driver 1","Controls Not Functioning","Clear","Rear End","Non-Related","Parked Vehicle","Not Applicable","Not Applicable","West Of",""
"685340","CR-0000094066","0","0","0","0","22-225-0198","False","False","91","8/13/2022 6:16:00 AM","No Pedestrians Involved","Dry","No Unusual Conditions","Daylight","Violation Driver 1","No Controls Present/Factor","Clear","Rear End","Non-Related","Parked Vehicle","Not Applicable","Not Applicable","West Of",""
"685341","CR-0000094067","0","0","0","0","22-225-0687","False","False","350","8/13/2022 6:51:00 PM","No Pedestrians Involved","Dry","No Unusual Conditions","Daylight","Violation Driver 1","No Controls Present/Factor","Clear","Head On","Non-Related","Parked Vehicle","Not Applicable","Not Applicable","South Of",""
"685342","CR-0000094068","0","0","0","0","22-226-0204","False","False","66","8/14/2022 2:30:00 AM","No Pedestrians Involved","Dry","No Unusual Conditions","Dark - No Street Light","Violation Driver 1","Controls Functioning","Clear","Head On","Non-Related","Other Vehicle","Not Applicable","Not Applicable","South Of",""
"685343","CR-0000094069","0","0","0","0","22-226-0267","False","False","60","8/14/2022 5:20:00 AM","No Pedestrians Involved","Dry","No Unusual Conditions","Dusk - Dawn","Violation Driver 1","No Controls Present/Factor","Clear","Head On","Non-Related","Parked Vehicle","Not Applicable","Not Applicable","North Of",""
"685344","CR-0000094070","2","0","0","0","22-226-0491","False","False","25","8/14/2022 1:49:00 PM","No Pedestrians Involved","Dry","No Unusual Conditions","Daylight","Violation Driver 1","Controls Functioning","Clear","Head On","Related","Other Vehicle","Not Applicable","Not Applicable","North Of",""
"685345","CR-0000094071","0","0","0","0","22-229-0406","False","False","60","8/14/2022 4:00:00 PM","No Pedestrians Involved","Dry","No Unusual Conditions","Unknown","Violation Driver 1","No Controls Present/Factor","Unknown","Sideswipe","Non-Related","Parked Vehicle","Not Applicable","Not Applicable","East Of",""
"685346","CR-0000094072","1","0","0","0","22-267-0645","True","False","0","9/24/2022 4:38:00 PM","No Pedestrians Involved","Dry","No Unusual Conditions","Daylight","Violation Driver 1","Controls Functioning","Clear","Hit Object","Intersection","Fixed Object","Not Applicable","Not Applicable","At","LIGHT POLE"
"685347","CR-0000094073","1","0","1","0","22-268-0335","False","False","0","9/25/2022 9:36:00 AM","No Pedestrians Involved","Dry","No Unusual Conditions","Daylight","Violation Driver 1","No Controls Present/Factor","Cloudy","Rear End","Intersection","Parked Vehicle","Not Applicable","Not Applicable","At",""
"685348","CR-0000094074","1","1","0","0","22-268-0141","False","False","0","9/25/2022 2:23:00 AM","No Pedestrians Involved","Dry","No Unusual Conditions","Dark - Street Light","Violation Driver 1","Controls Functioning","Clear","Head On","Intersection","Other Vehicle","Not Applicable","Not Applicable","At",""
"685349","CR-0000094075","0","1","0","0","22-226-0893","False","False","365","8/14/2022 9:27:00 PM","No Pedestrians Involved","Dry","No Unusual Conditions","Dark - Street Light","Violation Driver 1","Unknown","Clear","Rear End","Non-Related","Parked Vehicle","Not Applicable","Not Applicable","East Of",""
"685350","CR-0000094076","0","0","0","0","22-226-0994","False","False","51","8/14/2022 11:22:00 PM","No Pedestrians Involved","Dry","No Unusual Conditions","Dark - Street Light","Violation Driver 1","No Controls Present/Factor","Clear","Sideswipe","Non-Related","Other Vehicle","Not Applicable","Not Applicable","South Of",""
"685351","CR-0000094077","3","1","0","0","22-268-0493","False","False","47","9/25/2022 1:10:00 PM","No Pedestrians Involved","Dry","No Unusual Conditions","Daylight","Violation Driver 1","Controls Functioning","Unknown","Head On","Related","Other Vehicle","Not Applicable","Not Applicable","North Of",""
"685352","CR-0000094078","0","0","0","0","22-227-0200","False","False","51","8/15/2022 7:10:00 AM","No Pedestrians Involved","Dry","No Unusual Conditions","Daylight","Violation Driver 1","Controls Functioning","Clear","Rear End","Non-Related","Other Vehicle","Not Applicable","Not Applicable","West Of",""
"685353","CR-0000094079","0","0","0","0","22-268-0792","False","False","0","9/25/2022 8:26:00 PM","No Pedestrians Involved","Dry","No Unusual Conditions","Dark - Street Light","Violation Driver 1","Controls Functioning","Clear","Broadside","Intersection","Other Vehicle","Not Applicable","Not Applicable","At",""
"685354","CR-0000094080","0","0","0","0","22-269-0895","False","False","0","9/26/2022 9:52:00 PM","No Pedestrians Involved","Dry","No Unusual Conditions","Dark - Street Light","Violation Driver 1","Controls Functioning","Clear","Broadside","Intersection","Other Vehicle","Not Applicable","Not Applicable","At",""
"685356","CR-0000094082","0","0","0","0","22-227-9706","False","True","51","8/15/2022 11:30:00 AM","No Pedestrians Involved","Dry","No Unusual Conditions","Daylight","Unknown","No Controls Present/Factor","Clear","Sideswipe","Non-Related","Parked Vehicle","Not Applicable","Not Applicable","West Of",""
"685357","CR-0000094083","0","0","1","0","22-227-0521","False","False","0","8/15/2022 1:52:00 PM","No Pedestrians Involved","Dry","No Unusual Conditions","Daylight","Violation Driver 1","Controls Functioning","Clear","Broadside","Intersection","Other Vehicle","Not Applicable","Not Applicable","At",""
"685358","CR-0000094084","0","0","0","0","22-228-9701","False","False","50","8/15/2022 4:12:00 PM","No Pedestrians Involved","Dry","No Unusual Conditions","Daylight","Unknown","No Controls Present/Factor","Clear","Sideswipe","Related","Other Vehicle","Not Applicable","Not Applicable","Unknown",""
"685359","CR-0000094085","0","0","0","0","22-269-0241","False","False","","9/26/2022 9:35:00 AM","No Pedestrians Involved","Dry","No Unusual Conditions","Daylight","Violation Driver 1","Controls Functioning","Clear","Sideswipe","Related","Other Vehicle","Not Applicable","Not Applicable","South Of",""
"685360","CR-0000094086","0","0","0","0","22-227-0890","False","False","432","8/15/2022 8:29:00 PM","No Pedestrians Involved","Dry","No Unusual Conditions","Dark - No Street Light","Bike At Fault","Controls Functioning","Clear","Vehicle/Bike","Non-Related","Bike","Not Applicable","Not Applicable","South Of","BICYCLIST"
"685361","CR-0000094087","1","0","0","0","22-269-0795","False","False","0","9/26/2022 7:43:00 PM","No Pedestrians Involved","Dry","Unknown","Dark - Street Light","Violation Driver 1","Controls Functioning","Clear","Sideswipe","Intersection","Other Vehicle","Not Applicable","Not Applicable","At",""
"685362","CR-0000094088","0","0","0","0","22-227-1078","False","False","87","8/15/2022 11:45:00 PM","No Pedestrians Involved","Dry","No Unusual Conditions","Dark - Street Light","Violation Driver 1","No Controls Present/Factor","Clear","Sideswipe","Non-Related","Parked Vehicle","Not Applicable","Not Applicable","East Of",""
"685363","CR-0000094090","0","0","0","0","22-269-0945","True","False","217","9/26/2022 10:58:00 PM","No Pedestrians Involved","Dry","No Unusual Conditions","Dark - Street Light","Violation Driver 1","No Controls Present/Factor","Clear","Hit Object","Non-Related","Fixed Object","Not Applicable","Not Applicable","East Of","LIGHT POLE"
"685364","CR-0000094089","0","1","0","0","22-228-0743","False","False","32","8/16/2022 4:54:00 PM","No Pedestrians Involved","Dry","No Unusual Conditions","Daylight","Violation Driver 1","No Controls Present/Factor","Clear","Rear End","Related","Parked Vehicle","Not Applicable","Not Applicable","At",""
"685365","CR-0000094091","0","0","0","0","22-228-0915","True","False","0","8/16/2022 7:30:00 PM","No Pedestrians Involved","Dry","No Unusual Conditions","Daylight","Violation Driver 1","Controls Functioning","Clear","Hit Object","Intersection","Fixed Object","Not Applicable","Not Applicable","At","TRAFFIC SIGNAL"
"685366","CR-0000094092","0","1","0","0","22-229-0069","False","False","137","8/17/2022 12:57:00 AM","No Pedestrians Involved","Dry","No Unusual Conditions","Dark - Street Light","Violation Driver 1","No Controls Present/Factor","Clear","Sideswipe","Non-Related","Parked Vehicle","Not Applicable","Not Applicable","West Of",""
"685367","CR-0000094093","0","0","0","0","22-229-0224","False","False","0","8/17/2022 8:15:00 AM","No Pedestrians Involved","Dry","No Unusual Conditions","Daylight","Violation Driver 1","No Controls Present/Factor","Clear","Broadside","Intersection","Other Vehicle","Not Applicable","Not Applicable","At",""
"685368","CR-0000094094","0","0","0","0","22-230-0406","False","False","0","8/17/2022 9:45:00 PM","No Pedestrians Involved","Dry","No Unusual Conditions","Dark - Street Light","Violation Driver 1","Controls Functioning","Clear","Sideswipe","Intersection","Parked Vehicle","Not Applicable","Not Applicable","At",""
"685369","CR-0000094095","0","0","0","0","22-230-0025","False","False","236","8/18/2022 12:26:00 AM","No Pedestrians Involved","Dry","No Unusual Conditions","Dark - Street Light","Violation Driver 1","Controls Functioning","Clear","Head On","Non-Related","Parked Vehicle","Not Applicable","Not Applicable","East Of",""
"685370","CR-0000094096","0","0","0","0","22-230-0066","False","False","0","8/18/2022 2:00:00 AM","No Pedestrians Involved","Dry","No Unusual Conditions","Dark - Street Light","Violation Driver 1","Controls Functioning","Clear","Rear End","Intersection","Other Vehicle","Not Applicable","Not Applicable","At",""
"685371","CR-0000094097","0","0","0","0","22-230-0504","False","False","100","8/18/2022 1:15:00 PM","No Pedestrians Involved","Dry","No Unusual Conditions","Daylight","Violation Driver 1","No Controls Present/Factor","Clear","Rear End","Non-Related","Parked Vehicle","Not Applicable","Not Applicable","East Of",""
"685372","CR-0000094098","0","0","0","0","22-230-0135","False","False","24","8/18/2022 6:30:00 PM","No Pedestrians Involved","Dry","No Unusual Conditions","Dark - Street Light","Unknown","Controls Functioning","Clear","Broadside","Related","Parked Vehicle","Not Applicable","Not Applicable","South Of",""
"685373","CR-0000094099","0","0","0","0","22-230-0952","False","False","0","8/18/2022 8:53:00 PM","No Pedestrians Involved","Dry","No Unusual Conditions","Dark - Street Light","Violation Driver 1","No Controls Present/Factor","Clear","Head On","Intersection","Other Vehicle","Not Applicable","Not Applicable","At",""
"685374","CR-0000094100","0","0","0","0","22-230-0959","False","False","60","8/18/2022 9:06:00 PM","No Pedestrians Involved","Dry","No Unusual Conditions","Dark - Street Light","Unknown","No Controls Present/Factor","Clear","Rear End","Non-Related","Other Vehicle","Not Applicable","Not Applicable","South Of",""
"685375","CR-0000094102","0","0","0","0","22-230-1047","False","False","97","8/19/2022 12:01:00 AM","No Pedestrians Involved","Dry","No Unusual Conditions","Dark - Street Light","Violation Driver 1","Controls Functioning","Clear","Sideswipe","Non-Related","Other Vehicle","Not Applicable","Not Applicable","East Of",""
"685376","CR-0000094103","0","1","0","0","22-231-0343","False","False","500","8/19/2022 11:32:00 AM","No Pedestrians Involved","Dry","No Unusual Conditions","Daylight","Violation Driver 1","Unknown","Clear","Other","Non-Related","Non-Collision","Not Applicable","Not Applicable","South Of",""
"685377","CR-0000094101","0","0","0","0","22-270-0114","False","False","152","9/27/2022 3:44:00 AM","No Pedestrians Involved","Dry","No Unusual Conditions","Dark - Street Light","Violation Driver 1","No Controls Present/Factor","Clear","Rear End","Non-Related","Parked Vehicle","Not Applicable","Not Applicable","East Of",""
"685378","CR-0000094104","0","0","0","0","22-231-0545","False","False","78","8/19/2022 3:43:00 PM","No Pedestrians Involved","Dry","No Unusual Conditions","Daylight","Violation Driver 1","No Controls Present/Factor","Clear","Broadside","Non-Related","Parked Vehicle","Not Applicable","Not Applicable","West Of",""
"685379","CR-0000094106","0","0","0","0","22-231-0725","False","False","51","8/19/2022 6:00:00 PM","No Pedestrians Involved","Dry","No Unusual Conditions","Daylight","Violation Driver 1","Controls Functioning","Clear","Sideswipe","Non-Related","Other Vehicle","Not Applicable","Not Applicable","South Of",""
"685380","CR-0000094107","0","0","0","0","22-270-0250","False","False","180","9/27/2022 7:43:00 AM","No Pedestrians Involved","Dry","No Unusual Conditions","Daylight","Violation Driver 1","No Controls Present/Factor","Clear","Head On","Non-Related","Parked Vehicle","Not Applicable","Not Applicable","West Of",""
"685381","CR-0000094116","0","0","0","0","22-231-0896","False","False","18","8/19/2022 8:00:00 PM","No Pedestrians Involved","Dry","No Unusual Conditions","Dark - Street Light","Violation Driver 1","No Controls Present/Factor","Clear","Head On","Related","Parked Vehicle","Not Applicable","Not Applicable","North Of",""
"685382","CR-0000094117","0","0","0","0","22-231-0908","False","False","577","8/19/2022 9:07:00 PM","No Pedestrians Involved","Dry","No Unusual Conditions","Dark - Street Light","Violation Driver 1","No Controls Present/Factor","Clear","Rear End","Non-Related","Other Vehicle","Not Applicable","Not Applicable","West Of",""
"685383","CR-0000094118","0","0","0","0","22-270-0429","False","False","0","9/27/2022 1:15:00 PM","No Pedestrians Involved","Dry","No Unusual Conditions","Daylight","Violation Driver 1","Controls Functioning","Clear","Broadside","Intersection","Other Vehicle","Not Applicable","Not Applicable","At",""