"CrashFactId","Name","MinorInjuries","ModerateInjuries","SevereInjuries","FatalInjuries","TcrNumber","CityDamageFlag","ShortFormFlag","Distance","CrashDateTime","PedestrianAction","RoadwaySurface","RoadwayCondition","Lighting","PrimaryCollisionFactor","TrafficControl","Weather","CollisionType","ProximityToIntersection","VehicleInvolvedWith","PedestrianDirectionFrom","PedestrianDirectionTo","DirectionFromIntersection","Comment"
"690698","CR-0000096833","1","0","0","0","23-017-0162","False","False","33","1/17/2023 6:31:00 AM","No Pedestrians Involved","Dry","No Unusual Conditions","Dark - Street Light","Violation Driver 1","No Controls Present/Factor","Clear","Sideswipe","Related","Parked Vehicle","Not Applicable","Not Applicable","North Of",""
"690700","CR-0000096836","1","0","0","0","23-012-0517","False","False","20","1/12/2023 2:12:00 PM","No Pedestrians Involved","Dry","No Unusual Conditions","Daylight","Violation Driver 1","Controls Functioning","Clear","Sideswipe","Related","Other Vehicle","Not Applicable","Not Applicable","West Of",""
"690701","CR-0000096837","0","0","0","0","23-020-9805","False","False","51","1/2/2023 2:35:00 PM","No Pedestrians Involved","Wet","No Unusual Conditions","Daylight","Violation Driver 1","No Controls Present/Factor","Rain","Sideswipe","Non-Related","Other Vehicle","Not Applicable","Not Applicable","North Of",""
"690703","CR-0000096840","2","0","0","0","23-010-0279","False","False","54","1/10/2023 6:47:00 AM","No Pedestrians Involved","Wet","No Unusual Conditions","Dark - Street Light","Violation Driver 1","Controls Functioning","Rain","Head On","Non-Related","Other Vehicle","Not Applicable","Not Applicable","East Of",""
"690704","CR-0000096841","0","0","0","0","23-013-0936","False","False","254","1/13/2023 11:44:00 PM","No Pedestrians Involved","Wet","No Unusual Conditions","Dark - Street Light","Violation Driver 1","No Controls Present/Factor","Rain","Sideswipe","Non-Related","Parked Vehicle","Not Applicable","Not Applicable","South Of",""
"690705","CR-0000096842","0","0","0","0","23-014-0057","True","False","184","1/14/2023 1:09:00 AM","No Pedestrians Involved","Wet","No Unusual Conditions","Dark - Street Light","Violation Driver 1","Controls Functioning","Rain","Hit Object","Non-Related","Fixed Object","Not Applicable","Not Applicable","South Of","SIGN"
"690706","CR-0000096843","2","0","0","0","23-001-0608","False","False","0","1/1/2023 4:24:00 PM","No Pedestrians Involved","Dry","No Unusual Conditions","Daylight","Violation Driver 1","Unknown","Clear","Rear End","Intersection","Other Vehicle","Not Applicable","Not Applicable","At",""
"690707","CR-0000096844","0","0","0","0","23-009-0705","False","False","387","1/9/2023 6:00:00 PM","No Pedestrians Involved","Wet","No Unusual Conditions","Dark - Street Light","Violation Driver 1","No Controls Present/Factor","Clear","Rear End","Non-Related","Other Vehicle","Not Applicable","Not Applicable","East Of",""
"690708","CR-0000096845","1","0","0","0","23-011-0881","False","False","0","1/11/2023 10:38:00 PM","No Pedestrians Involved","Dry","No Unusual Conditions","Dark - Street Light","Violation Driver 1","Controls Functioning","Clear","Sideswipe","Intersection","Other Vehicle","Not Applicable","Not Applicable","At",""
"690709","CR-0000096846","0","1","0","0","23-009-0719","False","False","0","1/9/2023 6:15:00 PM","Crossing In Crosswalk - At Intersection","Dry","No Unusual Conditions","Dark - Street Light","Violation Driver 1","No Controls Present/Factor","Clear","Vehicle/Pedestrian","Intersection","Pedestrian","South","North","At","PED"
"690711","CR-0000096848","2","1","0","0","23-017-0246","False","False","0","1/17/2023 9:07:00 AM","No Pedestrians Involved","Dry","No Unusual Conditions","Daylight","Violation Driver 1","Controls Functioning","Unknown","Broadside","Intersection","Other Vehicle","Not Applicable","Not Applicable","At",""
"690724","CR-0000096861","1","1","0","0","23-010-0213","False","False","0","1/10/2023 4:26:00 AM","No Pedestrians Involved","Slippery (Muddy Oily etc.)","Other","Dark - Street Light Not Functioning","Violation Driver 1","Controls Not Functioning","Rain","Head On","Intersection","Other Vehicle","Not Applicable","Not Applicable","At",""
"690725","CR-0000096862","2","0","0","0","23-014-0483","False","False","0","1/14/2023 2:55:00 PM","No Pedestrians Involved","Wet","No Unusual Conditions","Daylight","Violation Driver 1","Controls Functioning","Rain","Broadside","Intersection","Other Vehicle","Not Applicable","Not Applicable","At",""
"690734","CR-0000096871","0","1","0","0","23-014-0216","False","False","0","1/14/2023 7:59:00 AM","No Pedestrians Involved","Wet","No Unusual Conditions","Daylight","Violation Driver 1","No Controls Present/Factor","Rain","Rear End","Intersection","Other Vehicle","Not Applicable","Not Applicable","At",""
"690735","CR-0000096872","0","0","1","0","23-017-0013","False","False","0","1/17/2023 12:06:00 AM","Crossing - Not In Crosswalk","Dry","No Unusual Conditions","Dark - Street Light","Violation Driver 1","Controls Functioning","Clear","Vehicle/Pedestrian","Intersection","Pedestrian","West","East","At","PED"
"690736","CR-0000096873","0","0","0","0","23-014-0648","True","False","0","1/14/2023 6:32:00 PM","No Pedestrians Involved","Wet","No Unusual Conditions","Dark - No Street Light","Violation Driver 1","Controls Not Functioning","Rain","Hit Object","Intersection","Fixed Object","Not Applicable","Not Applicable","At","STREET SIGN"
"690737","CR-0000096874","0","1","0","0","23-016-0084","True","False","0","1/16/2023 2:20:00 AM","No Pedestrians Involved","Slippery (Muddy Oily etc.)","Flooded","Dark - Street Light","Violation Driver 1","Controls Functioning","Rain","Hit Object","Intersection","Fixed Object","Not Applicable","Not Applicable","At","TRAFFIC POLE"
"690740","CR-0000096877","0","0","0","0","23-001-0234","False","False","0","1/1/2023 4:09:00 AM","No Pedestrians Involved","Wet","No Unusual Conditions","Dark - Street Light","Violation Driver 1","No Controls Present/Factor","Unknown","Rear End","Intersection","Parked Vehicle","Not Applicable","Not Applicable","At",""
"690741","CR-0000096878","0","0","0","0","23-013-0404","False","False","0","1/13/2023 1:34:00 PM","No Pedestrians Involved","Wet","No Unusual Conditions","Daylight","Violation Driver 1","Unknown","Rain","Hit Object","Intersection","Fixed Object","Not Applicable","Not Applicable","At",""
"690745","CR-0000096882","1","0","0","0","23-004-0609","False","False","71","1/4/2023 4:58:00 PM","No Pedestrians Involved","Wet","No Unusual Conditions","Dusk - Dawn","Violation Driver 1","No Controls Present/Factor","Rain","Broadside","Non-Related","Other Vehicle","Not Applicable","Not Applicable","North Of",""
"690746","CR-0000096883","1","0","0","0","23-010-0464","False","False","0","1/10/2023 4:09:00 PM","No Pedestrians Involved","Unknown","No Unusual Conditions","Daylight","Violation Driver 1","Controls Functioning","Rain","Broadside","Intersection","Other Vehicle","Not Applicable","Not Applicable","At",""
"690747","CR-0000096884","1","0","0","0","23-011-0285","False","False","0","1/11/2023 10:42:00 AM","No Pedestrians Involved","Wet","No Unusual Conditions","Daylight","Violation Driver 1","Controls Functioning","Rain","Head On","Intersection","Other Vehicle","Not Applicable","Not Applicable","At",""
"690748","CR-0000096885","1","0","0","0","23-003-0910","False","False","0","1/3/2023 10:59:00 PM","No Pedestrians Involved","Dry","No Unusual Conditions","Dark - Street Light","Violation Driver 1","Controls Functioning","Clear","Head On","Intersection","Motor Vehicle On Other Roadway","Not Applicable","Not Applicable","At",""
"690749","CR-0000096886","3","0","0","0","23-004-0257","False","False","24","1/4/2023 9:28:00 AM","No Pedestrians Involved","Wet","Unknown","Daylight","Violation Driver 1","Controls Functioning","Rain","Broadside","Related","Other Vehicle","Not Applicable","Not Applicable","South Of",""
"690750","CR-0000096887","0","0","0","0","23-007-0804","False","False","0","1/7/2023 10:35:00 PM","No Pedestrians Involved","Wet","No Unusual Conditions","Dark - Street Light","Violation Driver 1","Controls Functioning","Rain","Sideswipe","Intersection","Other Vehicle","Not Applicable","Not Applicable","At",""
"690751","CR-0000096888","2","1","0","0","23-014-0857","False","False","141","1/14/2023 10:36:00 PM","No Pedestrians Involved","Wet","No Unusual Conditions","Dark - Street Light","Violation Driver 1","Controls Functioning","Clear","Rear End","Non-Related","Parked Vehicle","Not Applicable","Not Applicable","North Of",""
"690752","CR-0000096889","0","1","0","0","23-011-0485","False","False","0","1/11/2023 1:00:00 PM","No Pedestrians Involved","Wet","No Unusual Conditions","Daylight","Violation Driver 1","No Controls Present/Factor","Rain","Broadside","Intersection","Other Vehicle","Not Applicable","Not Applicable","At",""
"690753","CR-0000096890","0","0","0","0","23-015-0495","False","False","0","1/15/2023 4:00:00 PM","No Pedestrians Involved","Wet","No Unusual Conditions","Dusk - Dawn","Violation Driver 1","Controls Functioning","Rain","Hit Object","Intersection","Fixed Object","Not Applicable","Not Applicable","West Of",""
"690754","CR-0000096891","1","0","0","0","23-010-0586","False","False","0","1/10/2023 12:48:00 PM","No Pedestrians Involved","Wet","No Unusual Conditions","Daylight","Violation Driver 1","Unknown","Rain","Broadside","Intersection","Other Vehicle","Not Applicable","Not Applicable","At",""
"690755","CR-0000096892","0","0","0","0","23-010-0709","False","False","0","1/10/2023 3:15:00 PM","No Pedestrians Involved","Wet","No Unusual Conditions","Daylight","Violation Driver 1","Controls Functioning","Rain","Broadside","Intersection","Other Vehicle","Not Applicable","Not Applicable","At",""
"690757","CR-0000096894","0","0","0","0","23-003-0683","True","False","0","1/3/2023 5:15:00 PM","No Pedestrians Involved","Dry","No Unusual Conditions","Dark - Street Light","Violation Driver 1","Controls Functioning","Cloudy","Hit Object","Intersection","Fixed Object","Not Applicable","Not Applicable","At","Crossing Signal"
"690758","CR-0000096895","0","0","0","0","23-015-0781","False","False","0","1/15/2023 11:39:00 PM","No Pedestrians Involved","Wet","No Unusual Conditions","Dark - Street Light","Violation Driver 1","Controls Functioning","Rain","Sideswipe","Intersection","Other Vehicle","Not Applicable","Not Applicable","At",""
"690759","CR-0000096896","0","0","0","0","23-016-0045","False","False","294","1/16/2023 12:56:00 AM","No Pedestrians Involved","Wet","No Unusual Conditions","Dark - Street Light","Violation Driver 1","Controls Functioning","Rain","Sideswipe","Non-Related","Parked Vehicle","Not Applicable","Not Applicable","North Of",""
"690761","CR-0000096898","1","0","0","0","23-008-0329","False","False","235","1/8/2023 11:57:00 AM","No Pedestrians Involved","Dry","No Unusual Conditions","Daylight","Violation Driver 1","No Controls Present/Factor","Clear","Vehicle/Bike","Non-Related","Bike","Not Applicable","Not Applicable","North Of","BIKE"
"690762","CR-0000096899","0","1","0","0","23-015-0664","False","False","197","1/15/2023 8:10:00 PM","No Pedestrians Involved","Wet","No Unusual Conditions","Dark - Street Light","Violation Driver 1","No Controls Present/Factor","Rain","Sideswipe","Non-Related","Parked Vehicle","Not Applicable","Not Applicable","South Of","SIGN"
"690769","CR-0000096907","1","0","0","0","23-012-0749","False","False","0","1/12/2023 5:58:00 PM","Crossing In Crosswalk - At Intersection","Dry","No Unusual Conditions","Dark - Street Light","Violation Driver 1","No Controls Present/Factor","Clear","Vehicle/Pedestrian","Intersection","Pedestrian","North","South","At","PED"
"690770","CR-0000096908","0","0","0","0","23-011-0889","True","False","0","1/11/2023 10:51:00 PM","No Pedestrians Involved","Dry","No Unusual Conditions","Dark - Street Light","Violation Driver 1","Controls Functioning","Clear","Hit Object","Intersection","Fixed Object","Not Applicable","Not Applicable","At","Light Pole"
"690773","CR-0000096911","0","0","0","0","23-017-0219","False","False","0","1/17/2023 8:25:00 AM","No Pedestrians Involved","Dry","No Unusual Conditions","Daylight","Violation Driver 1","Controls Functioning","Clear","Sideswipe","Intersection","Other Vehicle","Not Applicable","Not Applicable","At",""
"690774","CR-0000096912","1","0","1","0","23-005-0271","False","False","0","1/5/2023 9:49:00 AM","No Pedestrians Involved","Wet","No Unusual Conditions","Daylight","Violation Driver 1","Controls Functioning","Rain","Broadside","Intersection","Other Vehicle","Not Applicable","Not Applicable","At",""
"690775","CR-0000096913","0","1","0","0","23-001-0834","False","False","0","1/1/2023 8:45:00 PM","No Pedestrians Involved","Dry","No Unusual Conditions","Dark - Street Light","Violation Driver 1","Controls Functioning","Clear","Broadside","Intersection","Other Vehicle","Not Applicable","Not Applicable","At",""
"690776","CR-0000096914","0","0","0","0","23-008-0530","False","False","500","1/8/2023 4:37:00 PM","No Pedestrians Involved","Wet","No Unusual Conditions","Dark - Street Light Not Functioning","Violation Driver 1","Controls Functioning","Rain","Sideswipe","Non-Related","Parked Vehicle","Not Applicable","Not Applicable","East Of",""
"690777","CR-0000096915","0","0","0","0","23-005-0673","True","False","0","1/5/2023 5:26:00 PM","No Pedestrians Involved","Wet","No Unusual Conditions","Dark - Street Light","Violation Driver 1","No Controls Present/Factor","Rain","Hit Object","Intersection","Fixed Object","Not Applicable","Not Applicable","At","Light Pole"
"690778","CR-0000096916","2","0","0","0","23-007-0419","False","False","0","1/7/2023 2:22:00 PM","No Pedestrians Involved","Dry","No Unusual Conditions","Daylight","Violation Driver 1","No Controls Present/Factor","Clear","Broadside","Intersection","Other Vehicle","Not Applicable","Not Applicable","At",""
"690789","CR-0000096928","0","0","0","0","23-009-4001","False","True","0","1/7/2023 6:00:00 PM","No Pedestrians Involved","Unknown","Unknown","Unknown","Unknown","Unknown","Unknown","Sideswipe","Intersection","Other Vehicle","Not Applicable","Not Applicable","At",""
"690791","CR-0000096927","0","0","0","0","23-001-0317","True","True","0","1/1/2023 7:48:00 AM","No Pedestrians Involved","Dry","No Unusual Conditions","Daylight","Unknown","No Controls Present/Factor","Clear","Hit Object","Intersection","Fixed Object","Not Applicable","Not Applicable","At","TREE, FENCE"
"690793","CR-0000096931","0","0","0","0","23-009-0572","False","False","25","1/9/2023 3:37:00 PM","No Pedestrians Involved","Wet","No Unusual Conditions","Daylight","Violation Driver 1","Controls Functioning","Cloudy","Hit Object","Related","Fixed Object","Not Applicable","Not Applicable","East Of",""
"690794","CR-0000096932","0","0","0","0","23-005-0660","True","False","0","1/5/2023 5:15:00 PM","No Pedestrians Involved","Wet","No Unusual Conditions","Dark - Street Light","Violation Driver 1","Controls Functioning","Rain","Hit Object","Intersection","Fixed Object","Not Applicable","Not Applicable","At","Traffic Sign"
"690795","CR-0000096933","1","0","0","0","23-011-0301","False","False","0","1/11/2023 11:04:00 AM","No Pedestrians Involved","Wet","Unknown","Daylight","Violation Driver 1","Controls Not Functioning","Rain","Broadside","Intersection","Other Vehicle","Not Applicable","Not Applicable","At",""
"690796","CR-0000096934","0","0","0","0","23-011-0528","True","False","46","1/11/2023 5:13:00 PM","No Pedestrians Involved","Wet","No Unusual Conditions","Dusk - Dawn","Violation Driver 1","No Controls Present/Factor","Rain","Sideswipe","Related","Other Vehicle","Not Applicable","Not Applicable","East Of","LIGHT POLE"
"690797","CR-0000096935","0","0","1","0","23-011-0709","False","False","155","1/11/2023 6:45:00 PM","In Road - Includes Shoulder","Wet","No Unusual Conditions","Dark - Street Light","Pedestrian At Fault","Controls Functioning","Cloudy","Vehicle/Pedestrian","Non-Related","Pedestrian","West","East","South Of","PED"
"690798","CR-0000096936","1","0","0","0","23-007-0492","False","False","27","1/7/2023 3:58:00 PM","No Pedestrians Involved","Wet","No Unusual Conditions","Daylight","Violation Driver 1","Controls Functioning","Rain","Broadside","Related","Other Vehicle","Not Applicable","Not Applicable","East Of",""
"690799","CR-0000096937","0","0","0","0","23-011-0131","True","False","600","1/11/2023 6:00:00 AM","No Pedestrians Involved","Wet","No Unusual Conditions","Dusk - Dawn","Violation Driver 1","No Controls Present/Factor","Cloudy","Hit Object","Non-Related","Fixed Object","Not Applicable","Not Applicable","North Of","TREE"
"690800","CR-0000096938","2","0","0","0","23-001-0820","False","False","123","1/1/2023 8:30:00 PM","No Pedestrians Involved","Dry","No Unusual Conditions","Dark - Street Light","Violation Driver 1","Controls Functioning","Clear","Rear End","Non-Related","Other Vehicle","Not Applicable","Not Applicable","West Of",""
"690802","CR-0000096940","0","0","0","0","23-012-0594","False","False","0","1/12/2023 4:36:00 PM","No Pedestrians Involved","Dry","No Unusual Conditions","Daylight","Violation Driver 1","Unknown","Clear","Hit Object","Intersection","Fixed Object","Not Applicable","Not Applicable","At","HYDRANT"
"690803","CR-0000096941","1","0","0","0","23-011-0418","False","False","0","1/11/2023 1:15:00 PM","No Pedestrians Involved","Wet","No Unusual Conditions","Daylight","Bike At Fault","Controls Functioning","Rain","Vehicle/Bike","Intersection","Scooter Motorized","Not Applicable","Not Applicable","At","E.SCOOTER"
"690806","CR-0000096945","0","0","0","0","23-010-1053","False","False","142","1/10/2023 10:32:00 PM","No Pedestrians Involved","Wet","No Unusual Conditions","Dark - Street Light","Violation Driver 1","No Controls Present/Factor","Clear","Broadside","Non-Related","Other Vehicle","Not Applicable","Not Applicable","South Of",""
"690807","CR-0000096946","1","0","0","0","23-006-0262","False","False","0","1/6/2023 9:46:00 AM","No Pedestrians Involved","Wet","No Unusual Conditions","Daylight","Violation Driver 1","Controls Functioning","Cloudy","Head On","Intersection","Other Vehicle","Not Applicable","Not Applicable","At",""
"690808","CR-0000096947","1","0","0","0","23-009-0487","False","False","150","1/9/2023 1:45:00 PM","No Pedestrians Involved","Dry","No Unusual Conditions","Daylight","Violation Driver 1","No Controls Present/Factor","Clear","Sideswipe","Non-Related","Other Vehicle","Not Applicable","Not Applicable","South Of",""
"690809","CR-0000096948","0","0","0","0","23-010-0915","False","False","40","1/10/2023 7:05:00 PM","No Pedestrians Involved","Wet","No Unusual Conditions","Dark - Street Light","Violation Driver 1","Controls Functioning","Clear","Rear End","Related","Other Vehicle","Not Applicable","Not Applicable","South Of",""
"690810","CR-0000096949","0","0","0","0","23-014-0268","False","False","95","1/13/2023 12:00:00 AM","No Pedestrians Involved","Unknown","Unknown","Unknown","Unknown","Unknown","Unknown","Hit Object","Non-Related","Fixed Object","Not Applicable","Not Applicable","East Of","BUS RAIL"
"690813","CR-0000096952","0","0","0","0","23-004-0024","False","False","77","1/4/2023 12:00:00 AM","No Pedestrians Involved","Wet","No Unusual Conditions","Dark - Street Light","Violation Driver 1","No Controls Present/Factor","Rain","Rear End","Non-Related","Parked Vehicle","Not Applicable","Not Applicable","East Of",""
"690814","CR-0000096953","0","0","0","0","23-005-0249","False","False","110","1/5/2023 2:57:00 AM","No Pedestrians Involved","Wet","No Unusual Conditions","Dark - Street Light","Violation Driver 1","No Controls Present/Factor","Rain","Head On","Non-Related","Parked Vehicle","Not Applicable","Not Applicable","West Of",""
"690819","CR-0000096958","0","1","0","0","23-010-0465","False","False","0","1/10/2023 10:37:00 AM","Crossing In Crosswalk - Not At Intersection","Wet","No Unusual Conditions","Daylight","Violation Driver 1","No Controls Present/Factor","Rain","Vehicle/Pedestrian","Intersection","Pedestrian","East","West","At","PED"
"690824","CR-0000096963","0","0","0","0","23-003-0880","True","False","352","1/3/2023 10:21:00 PM","No Pedestrians Involved","Dry","No Unusual Conditions","Dark - Street Light","Violation Driver 1","Controls Functioning","Clear","Hit Object","Non-Related","Fixed Object","Not Applicable","Not Applicable","North Of","TREE"
"690828","CR-0000096967","0","0","0","0","23-017-0437","True","False","582","1/17/2023 12:38:00 PM","No Pedestrians Involved","Unknown","Unknown","Unknown","Violation Driver 1","No Controls Present/Factor","Unknown","Hit Object","Non-Related","Fixed Object","Not Applicable","Not Applicable","West Of","Metal Poles"
"690830","CR-0000096969","0","0","0","0","23-007-0567","True","False","22","1/7/2023 5:29:00 PM","No Pedestrians Involved","Wet","Unknown","Dark - Street Light","Violation Driver 1","No Controls Present/Factor","Rain","Hit Object","Related","Fixed Object","Not Applicable","Not Applicable","East Of","SIGN"
"690832","CR-0000096971","0","0","0","0","23-008-0825","False","False","0","1/8/2023 11:45:00 PM","No Pedestrians Involved","Wet","No Unusual Conditions","Dark - Street Light","Violation Driver 1","Controls Functioning","Rain","Broadside","Intersection","Train","Not Applicable","Not Applicable","At","VTA"
"690833","CR-0000096972","0","0","0","0","23-009-0507","False","False","238","1/9/2023 2:16:00 PM","No Pedestrians Involved","Wet","No Unusual Conditions","Daylight","Violation Driver 1","No Controls Present/Factor","Clear","Broadside","Non-Related","Other Vehicle","Not Applicable","Not Applicable","East Of",""
"690835","CR-0000096974","0","0","0","0","23-016-0178","False","False","0","1/16/2023 5:41:00 AM","No Pedestrians Involved","Wet","No Unusual Conditions","Dark - Street Light","Violation Driver 1","No Controls Present/Factor","Rain","Hit Object","Intersection","Fixed Object","Not Applicable","Not Applicable","At",""
"690836","CR-0000096975","0","0","0","0","23-015-0371","False","False","189","1/15/2023 1:00:00 PM","No Pedestrians Involved","Wet","Unknown","Daylight","Violation Driver 1","No Controls Present/Factor","Rain","Head On","Non-Related","Parked Vehicle","Not Applicable","Not Applicable","South Of",""
"690837","CR-0000096976","2","0","0","0","23-001-0504","False","False","0","1/1/2023 1:35:00 PM","No Pedestrians Involved","Dry","No Unusual Conditions","Daylight","Violation Driver 1","Controls Functioning","Clear","Broadside","Intersection","Motor Vehicle On Other Roadway","Not Applicable","Not Applicable","At",""
"690838","CR-0000096977","0","0","0","0","23-009-0654","False","False","285","1/9/2023 12:00:00 PM","No Pedestrians Involved","Wet","No Unusual Conditions","Daylight","Violation Driver 1","Controls Functioning","Cloudy","Sideswipe","Non-Related","Parked Vehicle","Not Applicable","Not Applicable","West Of",""
"690839","CR-0000096978","0","1","0","0","23-017-0321","False","False","0","1/17/2023 10:46:00 AM","No Pedestrians Involved","Dry","No Unusual Conditions","Daylight","Violation Driver 1","Controls Functioning","Clear","Vehicle/Bike","Intersection","Bike","Not Applicable","Not Applicable","At","BIKE"
"690840","CR-0000096979","0","0","0","0","23-014-0862","False","False","141","1/14/2023 10:46:00 PM","No Pedestrians Involved","Wet","No Unusual Conditions","Dark - Street Light","Violation Driver 1","No Controls Present/Factor","Rain","Rear End","Non-Related","Parked Vehicle","Not Applicable","Not Applicable","North Of",""
"690841","CR-0000096981","1","0","0","0","23-017-0519","False","False","24","1/17/2023 2:09:00 PM","No Pedestrians Involved","Dry","Unknown","Daylight","Violation Driver 1","Controls Functioning","Clear","Sideswipe","Related","Other Vehicle","Not Applicable","Not Applicable","South Of",""
"690854","CR-0000096995","0","0","0","0","23-017-0483","False","False","51","1/17/2023 1:20:00 PM","No Pedestrians Involved","Dry","No Unusual Conditions","Daylight","Violation Driver 1","Unknown","Clear","Sideswipe","Non-Related","Other Vehicle","Not Applicable","Not Applicable","East Of",""
"690855","CR-0000096996","0","0","0","0","23-017-0374","False","False","210","1/17/2023 11:36:00 AM","No Pedestrians Involved","Dry","No Unusual Conditions","Daylight","Violation Driver 1","Controls Not Functioning","Clear","Sideswipe","Non-Related","Parked Vehicle","Not Applicable","Not Applicable","South Of",""
"690856","CR-0000096997","2","0","0","0","23-008-0814","False","False","1584","1/8/2023 11:36:00 PM","No Pedestrians Involved","Wet","No Unusual Conditions","Dark - Street Light","Unknown","No Controls Present/Factor","Rain","Rear End","Non-Related","Other Vehicle","Not Applicable","Not Applicable","North Of",""
"690860","CR-0000097001","1","0","0","0","23-003-0302","False","False","0","1/3/2023 10:07:00 AM","No Pedestrians Involved","Dry","No Unusual Conditions","Daylight","Violation Driver 1","Controls Functioning","Clear","Broadside","Intersection","Other Vehicle","Not Applicable","Not Applicable","At",""
"690861","CR-0000097002","0","0","0","0","23-006-0323","True","False","0","1/6/2023 11:12:00 AM","No Pedestrians Involved","Dry","No Unusual Conditions","Daylight","Violation Driver 1","Controls Functioning","Clear","Hit Object","Intersection","Fixed Object","Not Applicable","Not Applicable","At","LIGHT POLE"
"690862","CR-0000097003","0","0","0","0","23-010-0707","False","False","0","1/10/2023 3:15:00 PM","No Pedestrians Involved","Wet","No Unusual Conditions","Daylight","Unknown","Controls Functioning","Rain","Rear End","Intersection","Other Vehicle","Not Applicable","Not Applicable","At",""
"690863","CR-0000097005","1","0","0","0","23-016-0895","False","False","0","1/16/2023 10:32:00 PM","No Pedestrians Involved","Dry","No Unusual Conditions","Dark - Street Light","Violation Driver 1","Controls Functioning","Clear","Broadside","Intersection","Other Vehicle","Not Applicable","Not Applicable","At",""
"690864","CR-0000097006","0","0","0","0","23-013-0949","False","False","104","1/13/2023 11:59:00 PM","No Pedestrians Involved","Wet","No Unusual Conditions","Dark - Street Light","Violation Driver 1","No Controls Present/Factor","Rain","Sideswipe","Non-Related","Other Vehicle","Not Applicable","Not Applicable","West Of",""
"690865","CR-0000097007","2","1","0","0","23-013-0910","False","False","0","1/13/2023 11:19:00 PM","No Pedestrians Involved","Dry","No Unusual Conditions","Dark - Street Light","Violation Driver 1","Controls Functioning","Clear","Head On","Intersection","Other Vehicle","Not Applicable","Not Applicable","At",""
"690866","CR-0000097008","1","0","0","0","23-017-0359","False","False","0","1/17/2023 11:25:00 AM","Crossing In Crosswalk - At Intersection","Dry","No Unusual Conditions","Daylight","Violation Driver 1","Controls Functioning","Clear","Vehicle/Pedestrian","Intersection","Wheelchair","South","North","At","Electric Wheel Chair"
"690875","CR-0000097018","0","0","0","0","23-149-9701","False","False","0","1/7/2023 5:35:00 PM","No Pedestrians Involved","Wet","No Unusual Conditions","Dusk - Dawn","Unknown","Controls Functioning","Rain","Rear End","Intersection","Other Vehicle","Not Applicable","Not Applicable","At",""
"690878","CR-0000097022","0","0","0","0","23-002-9708","False","True","0","1/1/2023 8:11:00 PM","No Pedestrians Involved","Dry","No Unusual Conditions","Dark - Street Light","Unknown","No Controls Present/Factor","Clear","Sideswipe","Intersection","Other Vehicle","Not Applicable","Not Applicable","At",""
"690879","CR-0000097023","0","0","0","0","23-008-9705","False","True","","1/7/2023 8:57:00 PM","No Pedestrians Involved","Wet","No Unusual Conditions","Dark - Street Light","Violation Driver 1","Controls Functioning","Wind","Broadside","Related","Other Vehicle","Not Applicable","Not Applicable","South Of",""
"690880","CR-0000097024","0","0","0","0","23-014-9705","False","False","0","1/13/2023 5:15:00 PM","No Pedestrians Involved","Wet","No Unusual Conditions","Dusk - Dawn","Unknown","Controls Functioning","Rain","Sideswipe","Intersection","Other Vehicle","Not Applicable","Not Applicable","At",""
"690881","CR-0000097025","0","0","0","0","23-009-9702","False","True","51","1/1/2023 3:24:00 PM","No Pedestrians Involved","Dry","No Unusual Conditions","Daylight","Unknown","Controls Functioning","Clear","Sideswipe","Non-Related","Other Vehicle","Not Applicable","Not Applicable","West Of",""
"690882","CR-0000097026","0","0","0","0","23-015-9703","False","True","0","1/15/2023 1:58:00 AM","No Pedestrians Involved","Dry","Unknown","Daylight","Unknown","Controls Functioning","Cloudy","Sideswipe","Intersection","Other Vehicle","Not Applicable","Not Applicable","At",""
"690883","CR-0000097027","0","0","0","0","23-017-9702","False","True","0","1/16/2023 5:00:00 PM","No Pedestrians Involved","Dry","No Unusual Conditions","Daylight","Unknown","Controls Functioning","Clear","Sideswipe","Intersection","Other Vehicle","Not Applicable","Not Applicable","At",""
"690884","CR-0000097028","0","0","0","0","23-017-9703","False","False","51","1/10/2023 12:30:00 AM","No Pedestrians Involved","Wet","No Unusual Conditions","Dark - Street Light","Unknown","No Controls Present/Factor","Rain","Sideswipe","Non-Related","Other Vehicle","Not Applicable","Not Applicable","West Of",""
"690885","CR-0000097029","0","0","0","0","23-016-4002","False","True","51","1/12/2023 4:20:00 PM","No Pedestrians Involved","Unknown","Unknown","Unknown","Violation Driver 1","Unknown","Unknown","Sideswipe","Non-Related","Other Vehicle","Not Applicable","Not Applicable","Unknown",""
"690886","CR-0000097030","0","0","0","0","23-016-4003","False","True","51","1/16/2023 12:30:00 PM","No Pedestrians Involved","Unknown","Unknown","Unknown","Unknown","Unknown","Unknown","Rear End","Non-Related","Unknown","Not Applicable","Not Applicable","North Of",""
"690887","CR-0000097031","0","0","0","0","23-016-4000","False","True","0","1/13/2023 6:00:00 PM","No Pedestrians Involved","Unknown","Unknown","Unknown","Unknown","Unknown","Unknown","Sideswipe","Intersection","Other Vehicle","Not Applicable","Not Applicable","At",""
"690889","CR-0000097033","0","0","0","0","23-037-4000","False","True","0","1/17/2023 7:45:00 AM","No Pedestrians Involved","Unknown","Unknown","Unknown","Unknown","Unknown","Unknown","Hit Object","Intersection","Other Object","Not Applicable","Not Applicable","At",""