"CrashFactId","Name","MinorInjuries","ModerateInjuries","SevereInjuries","FatalInjuries","TcrNumber","CityDamageFlag","ShortFormFlag","Distance","CrashDateTime","PedestrianAction","RoadwaySurface","RoadwayCondition","Lighting","PrimaryCollisionFactor","TrafficControl","Weather","CollisionType","ProximityToIntersection","VehicleInvolvedWith","PedestrianDirectionFrom","PedestrianDirectionTo","DirectionFromIntersection","Comment"
"690914","CR-0000097077","2","0","0","0","23-036-0690","False","False","0","2/5/2023 7:18:00 PM","No Pedestrians Involved","Wet","No Unusual Conditions","Dark - Street Light","Violation Driver 1","Controls Functioning","Clear","Head On","Intersection","Other Vehicle","Not Applicable","Not Applicable","At",""
"690915","CR-0000097078","1","0","0","0","23-039-0768","False","False","25","2/8/2023 7:25:00 PM","No Pedestrians Involved","Dry","No Unusual Conditions","Dark - Street Light","Violation Driver 1","Controls Functioning","Clear","Rear End","Related","Other Vehicle","Not Applicable","Not Applicable","South Of",""
"690916","CR-0000097079","0","0","0","0","23-039-0871","False","False","0","2/8/2023 10:30:00 PM","No Pedestrians Involved","Dry","No Unusual Conditions","Dark - Street Light","Violation Driver 1","Controls Functioning","Clear","Broadside","Intersection","Other Vehicle","Not Applicable","Not Applicable","At",""
"690917","CR-0000097080","0","0","1","0","23-039-0838","False","False","","2/8/2023 8:58:00 PM","No Pedestrians Involved","Dry","No Unusual Conditions","Daylight","Unknown","Controls Functioning","Clear","Other","Related","Non-Collision","Not Applicable","Not Applicable","Unknown",""
"690918","CR-0000097082","2","0","0","0","23-038-0560","False","False","0","2/7/2023 3:15:00 PM","No Pedestrians Involved","Dry","No Unusual Conditions","Daylight","Violation Driver 1","No Controls Present/Factor","Clear","Broadside","Intersection","Other Vehicle","Not Applicable","Not Applicable","At",""
"690919","CR-0000097081","0","1","0","0","23-039-0188","False","False","440","2/8/2023 8:15:00 AM","No Pedestrians Involved","Dry","No Unusual Conditions","Daylight","Bike At Fault","No Controls Present/Factor","Clear","Vehicle/Bike","Non-Related","Bike","Not Applicable","Not Applicable","West Of","BIKE"
"690920","CR-0000097083","1","0","0","0","23-038-0198","False","False","0","2/7/2023 8:32:00 AM","No Pedestrians Involved","Dry","No Unusual Conditions","Daylight","Bike At Fault","No Controls Present/Factor","Clear","Vehicle/Bike","Intersection","Bike","Not Applicable","Not Applicable","At","MOTO. SCOOTER"
"690921","CR-0000097084","1","0","0","0","23-040-0703","True","False","442","2/9/2023 4:49:00 PM","No Pedestrians Involved","Dry","No Unusual Conditions","Daylight","Violation Driver 1","Controls Functioning","Clear","Hit Object","Non-Related","Fixed Object","Not Applicable","Not Applicable","South Of","MEDIAN"
"690922","CR-0000097086","0","0","0","0","23-042-0290","False","False","51","2/11/2023 12:56:00 PM","No Pedestrians Involved","Wet","No Unusual Conditions","Daylight","Violation Driver 1","No Controls Present/Factor","Cloudy","Sideswipe","Non-Related","Parked Vehicle","Not Applicable","Not Applicable","South Of",""
"690923","CR-0000097088","2","0","0","0","23-044-0226","False","False","0","2/14/2023 11:59:00 AM","No Pedestrians Involved","Dry","No Unusual Conditions","Daylight","Violation Driver 1","Controls Functioning","Clear","Rear End","Intersection","Other Vehicle","Not Applicable","Not Applicable","At",""
"690924","CR-0000097087","0","0","0","0","23-040-4001","False","True","0","2/8/2023 8:05:00 AM","No Pedestrians Involved","Unknown","Unknown","Daylight","Unknown","Unknown","Unknown","Head On","Intersection","Other Vehicle","Not Applicable","Not Applicable","At",""
"690925","CR-0000097089","0","0","0","0","23-043-0685","True","False","0","2/12/2023 8:33:00 PM","No Pedestrians Involved","Dry","No Unusual Conditions","Dark - No Street Light","Violation Driver 1","Controls Functioning","Cloudy","Hit Object","Intersection","Fixed Object","Not Applicable","Not Applicable","At",""
"690926","CR-0000097091","0","0","0","0","23-044-0047","True","False","21","2/13/2023 1:31:00 AM","No Pedestrians Involved","Dry","No Unusual Conditions","Dark - Street Light","Violation Driver 1","No Controls Present/Factor","Clear","Hit Object","Related","Fixed Object","Not Applicable","Not Applicable","South Of","TREE"
"690927","CR-0000097090","0","0","0","0","23-032-4006","False","True","","2/1/2023 6:00:00 PM","No Pedestrians Involved","Unknown","Unknown","Unknown","Unknown","Unknown","Unknown","Rear End","Related","Other Vehicle","Not Applicable","Not Applicable","East Of",""
"690928","CR-0000097093","0","0","0","0","23-041-0634","False","False","32","2/10/2023 4:13:00 PM","No Pedestrians Involved","Dry","No Unusual Conditions","Daylight","Violation Driver 1","Controls Functioning","Clear","Hit Object","Related","Fixed Object","Not Applicable","Not Applicable","South Of","HYDRANT"
"690929","CR-0000097092","0","0","0","0","23-043-9704","False","True","","2/12/2023 2:00:00 AM","No Pedestrians Involved","Dry","Unknown","Dark - Street Light","Unknown","No Controls Present/Factor","Clear","Other","Related","Parked Vehicle","Not Applicable","Not Applicable","North Of",""
"690930","CR-0000097094","2","0","0","0","23-034-0186","False","False","0","2/3/2023 7:45:00 AM","No Pedestrians Involved","Dry","No Unusual Conditions","Daylight","Violation Driver 1","Controls Functioning","Clear","Rear End","Intersection","Other Vehicle","Not Applicable","Not Applicable","At",""
"690931","CR-0000097096","1","0","0","0","23-037-0825","False","False","","2/6/2023 8:31:00 PM","No Pedestrians Involved","Dry","No Unusual Conditions","Dark - Street Light","Violation Driver 1","Unknown","Clear","Sideswipe","Related","Other Vehicle","Not Applicable","Not Applicable","West Of",""
"690932","CR-0000097095","0","0","0","0","23-047-4001","False","True","","2/10/2023 5:10:00 PM","No Pedestrians Involved","Unknown","Unknown","Unknown","Unknown","Unknown","Unknown","Sideswipe","Related","Other Vehicle","Not Applicable","Not Applicable","South Of",""
"690933","CR-0000097098","1","0","0","0","23-042-0605","False","False","0","2/11/2023 6:04:00 PM","No Pedestrians Involved","Dry","No Unusual Conditions","Daylight","Violation Driver 1","Controls Functioning","Clear","Vehicle/Bike","Intersection","Bike","Not Applicable","Not Applicable","At","BIKE"
"690934","CR-0000097099","1","0","0","0","23-049-0795","False","False","51","2/18/2023 7:29:00 PM","No Pedestrians Involved","Dry","No Unusual Conditions","Dark - Street Light","Violation Driver 1","No Controls Present/Factor","Clear","Vehicle/Bike","Non-Related","Bike","Not Applicable","Not Applicable","North Of","BIKE"
"690935","CR-0000097102","3","0","0","0","23-043-0701","False","False","0","2/12/2023 8:56:00 PM","No Pedestrians Involved","Dry","No Unusual Conditions","Dark - Street Light","Violation Driver 1","Controls Functioning","Clear","Head On","Intersection","Other Vehicle","Not Applicable","Not Applicable","At",""
"690936","CR-0000097103","1","0","0","0","23-046-0928","False","False","120","2/15/2023 8:35:00 PM","No Pedestrians Involved","Dry","No Unusual Conditions","Dark - Street Light","Violation Driver 1","No Controls Present/Factor","Clear","Vehicle/Bike","Non-Related","Bike","Not Applicable","Not Applicable","West Of",""
"690937","CR-0000097104","1","0","0","0","23-057-9706","False","True","500","2/16/2023 11:40:00 AM","No Pedestrians Involved","Dry","Unknown","Daylight","Unknown","No Controls Present/Factor","Clear","Vehicle/Bike","Non-Related","Bike","Not Applicable","Not Applicable","North Of","BIKE"
"690938","CR-0000097107","1","0","0","0","23-058-0600","False","False","0","2/27/2023 4:39:00 PM","No Pedestrians Involved","Dry","No Unusual Conditions","Daylight","Violation Driver 1","Controls Functioning","Clear","Rear End","Intersection","Other Vehicle","Not Applicable","Not Applicable","At",""
"690939","CR-0000097108","3","0","0","0","23-049-0695","False","False","99","2/18/2023 6:42:00 PM","No Pedestrians Involved","Dry","No Unusual Conditions","Dark - Street Light","Violation Driver 1","Controls Functioning","Clear","Rear End","Non-Related","Other Vehicle","Not Applicable","Not Applicable","West Of",""
"690940","CR-0000097109","1","0","0","0","23-050-0117","False","False","0","2/19/2023 2:40:00 AM","No Pedestrians Involved","Dry","No Unusual Conditions","Dark - Street Light","Violation Driver 1","Controls Functioning","Clear","Broadside","Intersection","Other Vehicle","Not Applicable","Not Applicable","At",""
"690941","CR-0000097111","1","0","0","0","23-050-0486","False","False","51","2/19/2023 2:32:00 PM","No Pedestrians Involved","Dry","No Unusual Conditions","Daylight","Violation Driver 1","No Controls Present/Factor","Clear","Rear End","Non-Related","Parked Vehicle","Not Applicable","Not Applicable","West Of",""
"690942","CR-0000097112","0","0","0","0","23-041-0349","False","False","232","2/10/2023 10:57:00 AM","No Pedestrians Involved","Dry","No Unusual Conditions","Daylight","Violation Driver 1","Controls Functioning","Cloudy","Sideswipe","Non-Related","Other Vehicle","Not Applicable","Not Applicable","East Of",""
"690943","CR-0000097113","1","0","0","0","23-037-0157","False","False","525","2/6/2023 7:09:00 AM","No Pedestrians Involved","Dry","No Unusual Conditions","Daylight","Violation Driver 1","No Controls Present/Factor","Clear","Broadside","Non-Related","Other Vehicle","Not Applicable","Not Applicable","South Of",""
"690944","CR-0000097114","2","0","0","0","23-032-0156","False","False","0","2/1/2023 7:15:00 AM","No Pedestrians Involved","Dry","No Unusual Conditions","Dusk - Dawn","Violation Driver 1","Controls Functioning","Clear","Broadside","Intersection","Other Vehicle","Not Applicable","Not Applicable","At",""
"690945","CR-0000097115","0","0","0","0","23-047-0944","False","False","","2/16/2023 10:48:00 PM","No Pedestrians Involved","Dry","Obstruction On Roadway","Dark - Street Light","Unknown","No Controls Present/Factor","Clear","Sideswipe","Related","Other Vehicle","Not Applicable","Not Applicable","East Of",""
"690946","CR-0000097116","1","0","0","0","23-032-0161","False","False","62","2/1/2023 7:20:00 AM","Crossing - Not In Crosswalk","Dry","No Unusual Conditions","Daylight","Violation Driver 1","Controls Functioning","Clear","Vehicle/Pedestrian","Non-Related","Pedestrian","West","East","West Of","PED"
"690947","CR-0000097117","1","0","0","0","23-032-0406","False","False","0","2/1/2023 12:00:00 PM","No Pedestrians Involved","Dry","No Unusual Conditions","Daylight","Violation Driver 1","Controls Functioning","Clear","Rear End","Intersection","Other Vehicle","Not Applicable","Not Applicable","At",""
"690948","CR-0000097118","1","0","0","0","23-059-0175","False","False","52","2/28/2023 8:09:00 AM","Crossing - Not In Crosswalk","Wet","No Unusual Conditions","Daylight","Pedestrian At Fault","No Controls Present/Factor","Rain","Vehicle/Pedestrian","Non-Related","Pedestrian","South","North","West Of","PED"
"690949","CR-0000097119","0","0","0","0","23-046-0546","False","False","162","2/15/2023 1:54:00 PM","No Pedestrians Involved","Dry","No Unusual Conditions","Daylight","Violation Driver 1","Controls Functioning","Clear","Sideswipe","Non-Related","Other Vehicle","Not Applicable","Not Applicable","South Of",""
"690950","CR-0000097120","1","0","0","0","23-046-0549","False","False","380","2/15/2023 1:55:00 PM","No Pedestrians Involved","Dry","No Unusual Conditions","Daylight","Violation Driver 1","No Controls Present/Factor","Clear","Sideswipe","Non-Related","Parked Vehicle","Not Applicable","Not Applicable","East Of",""
"690951","CR-0000097121","0","0","1","0","23-045-0198","False","False","0","2/14/2023 8:39:00 AM","No Pedestrians Involved","Dry","No Unusual Conditions","Daylight","Violation Driver 1","No Controls Present/Factor","Clear","Broadside","Intersection","Other Vehicle","Not Applicable","Not Applicable","At",""
"690952","CR-0000097122","1","0","0","0","23-045-0638","False","False","0","2/14/2023 5:54:00 PM","No Pedestrians Involved","Dry","No Unusual Conditions","Dusk - Dawn","Violation Driver 1","Controls Functioning","Clear","Rear End","Intersection","Other Vehicle","Not Applicable","Not Applicable","At",""
"690953","CR-0000097123","1","0","0","0","23-044-0253","False","False","16","2/13/2023 9:37:00 AM","No Pedestrians Involved","Dry","Unknown","Daylight","Violation Driver 1","Controls Functioning","Clear","Rear End","Related","Other Vehicle","Not Applicable","Not Applicable","North Of",""
"690954","CR-0000097124","1","0","0","0","23-043-0331","False","False","0","2/12/2023 12:27:00 PM","No Pedestrians Involved","Dry","No Unusual Conditions","Daylight","Violation Driver 1","Controls Functioning","Clear","Broadside","Intersection","Other Vehicle","Not Applicable","Not Applicable","At",""
"690955","CR-0000097125","1","0","0","0","23-041-0827","False","False","100","2/10/2023 6:50:00 PM","No Pedestrians Involved","Dry","No Unusual Conditions","Dark - Street Light","Violation Driver 1","Controls Functioning","Clear","Rear End","Non-Related","Other Vehicle","Not Applicable","Not Applicable","South Of",""
"690956","CR-0000097126","1","0","0","0","23-042-0640","False","False","200","2/11/2023 6:42:00 PM","No Pedestrians Involved","Dry","No Unusual Conditions","Dark - Street Light","Violation Driver 1","No Controls Present/Factor","Clear","Rear End","Non-Related","Other Vehicle","Not Applicable","Not Applicable","West Of",""
"690957","CR-0000097127","1","0","0","0","23-041-0790","False","False","0","2/10/2023 6:04:00 PM","No Pedestrians Involved","Dry","No Unusual Conditions","Dark - Street Light","Violation Driver 1","Controls Functioning","Clear","Head On","Intersection","Other Vehicle","Not Applicable","Not Applicable","At",""
"690958","CR-0000097128","1","0","0","0","23-041-0567","False","False","51","2/10/2023 2:53:00 PM","No Pedestrians Involved","Dry","No Unusual Conditions","Daylight","Violation Driver 1","No Controls Present/Factor","Clear","Broadside","Non-Related","Other Vehicle","Not Applicable","Not Applicable","West Of",""
"690959","CR-0000097129","1","0","0","0","23-041-0219","False","False","0","2/10/2023 8:30:00 AM","No Pedestrians Involved","Dry","No Unusual Conditions","Daylight","Violation Driver 1","Controls Functioning","Clear","Sideswipe","Intersection","Other Vehicle","Not Applicable","Not Applicable","At",""
"690960","CR-0000097131","1","0","0","0","23-036-0017","False","False","0","2/5/2023 12:19:00 AM","No Pedestrians Involved","Dry","No Unusual Conditions","Dark - Street Light","Violation Driver 1","Controls Functioning","Clear","Rear End","Intersection","Other Vehicle","Not Applicable","Not Applicable","At",""
"690961","CR-0000097132","0","0","0","0","23-039-0483","False","False","0","2/8/2023 1:45:00 PM","No Pedestrians Involved","Dry","No Unusual Conditions","Daylight","Unknown","Controls Functioning","Clear","Vehicle/Bike","Intersection","Bike","Not Applicable","Not Applicable","At","BIKE"
"690962","CR-0000097133","1","0","0","0","23-039-0680","False","False","0","2/8/2023 5:36:00 PM","No Pedestrians Involved","Dry","No Unusual Conditions","Dusk - Dawn","Violation Driver 1","Controls Functioning","Clear","Rear End","Intersection","Other Vehicle","Not Applicable","Not Applicable","At",""
"690963","CR-0000097134","0","0","1","0","23-051-0680","False","False","0","2/20/2023 6:13:00 PM","No Pedestrians Involved","Dry","No Unusual Conditions","Dark - Street Light","Violation Driver 1","Unknown","Clear","Vehicle/Bike","Intersection","Bike","Not Applicable","Not Applicable","At","BIKE"
"690964","CR-0000097135","1","0","0","0","23-051-0449","False","False","0","2/20/2023 1:07:00 PM","No Pedestrians Involved","Dry","No Unusual Conditions","Daylight","Violation Driver 1","Controls Functioning","Clear","Vehicle/Bike","Intersection","Bike","Not Applicable","Not Applicable","At","BIKE"
"690965","CR-0000097136","1","0","0","0","23-059-0614","False","False","51","2/28/2023 4:51:00 PM","No Pedestrians Involved","Wet","No Unusual Conditions","Daylight","Violation Driver 1","Controls Functioning","Rain","Rear End","Non-Related","Other Vehicle","Not Applicable","Not Applicable","East Of",""
"690966","CR-0000097137","1","1","0","0","23-056-0402","False","False","0","2/25/2023 12:40:00 PM","No Pedestrians Involved","Dry","No Unusual Conditions","Daylight","Violation Driver 1","Controls Functioning","Clear","Broadside","Intersection","Other Vehicle","Not Applicable","Not Applicable","At",""
"690967","CR-0000097138","1","0","0","0","23-033-0299","False","False","0","2/3/2023 12:09:00 PM","No Pedestrians Involved","Unknown","Unknown","Daylight","Violation Driver 1","Controls Functioning","Clear","Broadside","Intersection","Other Vehicle","Not Applicable","Not Applicable","At",""
"690968","CR-0000097139","2","0","0","0","23-034-0314","False","False","0","2/3/2023 10:38:00 AM","No Pedestrians Involved","Dry","No Unusual Conditions","Daylight","Violation Driver 1","Controls Functioning","Cloudy","Head On","Intersection","Other Vehicle","Not Applicable","Not Applicable","At",""
"690969","CR-0000097140","2","0","0","0","23-052-1006","False","False","0","2/21/2023 10:00:00 PM","No Pedestrians Involved","Dry","No Unusual Conditions","Dark - Street Light Not Functioning","Violation Driver 1","Controls Not Functioning","Cloudy","Broadside","Intersection","Other Vehicle","Not Applicable","Not Applicable","At",""
"690970","CR-0000097141","0","0","0","0","23-055-9704","False","True","0","2/23/2023 2:30:00 PM","No Pedestrians Involved","Dry","No Unusual Conditions","Daylight","Unknown","Controls Functioning","Clear","Sideswipe","Intersection","Other Vehicle","Not Applicable","Not Applicable","At",""
"690971","CR-0000097142","0","2","0","0","23-049-0101","True","False","128","2/18/2023 2:30:00 AM","No Pedestrians Involved","Dry","No Unusual Conditions","Dark - Street Light","Violation Driver 1","Controls Functioning","Clear","Hit Object","Non-Related","Fixed Object","Not Applicable","Not Applicable","West Of","TREE"
"690972","CR-0000097143","0","0","0","0","23-060-9704","False","True","0","2/27/2023 11:16:00 AM","No Pedestrians Involved","Wet","No Unusual Conditions","Daylight","Unknown","Controls Functioning","Rain","Sideswipe","Intersection","Other Vehicle","Not Applicable","Not Applicable","At",""
"690973","CR-0000097144","0","0","0","0","23-044-0732","False","False","0","2/13/2023 7:05:00 PM","No Pedestrians Involved","Dry","No Unusual Conditions","Dark - Street Light","Violation Driver 1","Controls Functioning","Clear","Rear End","Intersection","Other Vehicle","Not Applicable","Not Applicable","At",""
"690974","CR-0000097145","0","1","0","0","23-042-0282","False","False","0","2/11/2023 10:27:00 AM","No Pedestrians Involved","Dry","Unknown","Daylight","Violation Driver 1","Unknown","Cloudy","Other","Intersection","Non-Collision","Not Applicable","Not Applicable","At","MOTO. SCOOTER"
"690975","CR-0000097146","0","0","0","0","23-049-0866","False","False","19","2/18/2023 9:50:00 PM","No Pedestrians Involved","Dry","No Unusual Conditions","Dark - Street Light","Violation Driver 1","No Controls Present/Factor","Clear","Head On","Related","Parked Vehicle","Not Applicable","Not Applicable","East Of",""
"690976","CR-0000097147","1","0","0","0","23-040-0679","False","False","0","2/9/2023 4:34:00 PM","No Pedestrians Involved","Dry","No Unusual Conditions","Daylight","Violation Driver 1","Controls Functioning","Clear","Broadside","Intersection","Other Vehicle","Not Applicable","Not Applicable","At",""
"690977","CR-0000097148","1","0","0","0","23-040-0179","False","False","100","2/9/2023 7:57:00 AM","No Pedestrians Involved","Dry","No Unusual Conditions","Daylight","Violation Driver 1","Controls Functioning","Clear","Broadside","Non-Related","Other Vehicle","Not Applicable","Not Applicable","East Of",""
"690978","CR-0000097149","1","0","0","0","23-035-0188","False","False","0","2/4/2023 8:27:00 AM","No Pedestrians Involved","Wet","No Unusual Conditions","Daylight","Unknown","Controls Functioning","Rain","Broadside","Intersection","Other Vehicle","Not Applicable","Not Applicable","At",""
"690979","CR-0000097150","1","0","0","0","23-034-0384","False","False","0","2/3/2023 12:19:00 PM","No Pedestrians Involved","Dry","No Unusual Conditions","Daylight","Violation Driver 1","Controls Functioning","Cloudy","Broadside","Intersection","Other Vehicle","Not Applicable","Not Applicable","At",""
"690980","CR-0000097151","0","0","0","0","23-045-0398","False","False","150","2/14/2023 12:26:00 PM","No Pedestrians Involved","Dry","No Unusual Conditions","Daylight","Violation Driver 1","No Controls Present/Factor","Cloudy","Broadside","Non-Related","Other Vehicle","Not Applicable","Not Applicable","South Of","Sign and Fence"
"690981","CR-0000097152","1","0","0","0","23-044-0588","False","False","0","2/13/2023 6:32:00 PM","No Pedestrians Involved","Dry","No Unusual Conditions","Daylight","Violation Driver 1","Controls Functioning","Clear","Vehicle/Bike","Intersection","Bike","Not Applicable","Not Applicable","At","BIKE"
"690982","CR-0000097153","0","1","0","0","23-044-0176","False","False","595","2/13/2023 7:58:00 AM","No Pedestrians Involved","Dry","No Unusual Conditions","Daylight","Violation Driver 1","No Controls Present/Factor","Clear","Sideswipe","Non-Related","Other Vehicle","Not Applicable","Not Applicable","East Of",""
"690983","CR-0000097154","1","0","0","0","23-043-0304","False","False","0","2/12/2023 11:32:00 AM","No Pedestrians Involved","Dry","No Unusual Conditions","Daylight","Violation Driver 1","Controls Functioning","Clear","Sideswipe","Intersection","Other Vehicle","Not Applicable","Not Applicable","At",""
"690984","CR-0000097155","0","1","0","0","23-037-0652","False","False","0","2/6/2023 5:16:00 PM","No Pedestrians Involved","Dry","No Unusual Conditions","Daylight","Violation Driver 1","Controls Functioning","Clear","Vehicle/Bike","Intersection","Scooter Motorized","Not Applicable","Not Applicable","At","M. SCOOTER"
"690985","CR-0000097156","0","1","0","0","23-033-0469","False","False","220","2/2/2023 12:50:00 PM","No Pedestrians Involved","Dry","No Unusual Conditions","Daylight","Violation Driver 1","No Controls Present/Factor","Clear","Vehicle/Bike","Non-Related","Scooter Motorized","Not Applicable","Not Applicable","North Of","M. SCOOTER"
"690986","CR-0000097157","1","0","0","0","23-034-0166","False","False","174","2/3/2023 7:05:00 AM","No Pedestrians Involved","Wet","Unknown","Daylight","Violation Driver 1","Controls Functioning","Rain","Broadside","Non-Related","Other Vehicle","Not Applicable","Not Applicable","West Of",""
"690987","CR-0000097158","1","0","0","0","23-033-0005","False","False","122","2/2/2023 12:05:00 AM","No Pedestrians Involved","Dry","No Unusual Conditions","Dark - Street Light","Violation Driver 1","Unknown","Clear","Rear End","Non-Related","Parked Vehicle","Not Applicable","Not Applicable","West Of",""
"690988","CR-0000097159","2","0","0","0","23-032-0214","False","False","695","2/1/2023 8:18:00 AM","No Pedestrians Involved","Dry","No Unusual Conditions","Daylight","Violation Driver 1","No Controls Present/Factor","Clear","Broadside","Non-Related","Other Vehicle","Not Applicable","Not Applicable","South Of",""
"690989","CR-0000097160","1","0","0","0","23-034-0148","False","False","0","2/3/2023 5:56:00 AM","No Pedestrians Involved","Wet","No Unusual Conditions","Dark - Street Light","Violation Driver 1","No Controls Present/Factor","Rain","Vehicle/Bike","Intersection","Bike","Not Applicable","Not Applicable","At",""
"690990","CR-0000097161","0","0","0","0","23-041-4001","False","True","51","2/10/2023 8:00:00 AM","No Pedestrians Involved","Unknown","Unknown","Daylight","Unknown","Unknown","Unknown","Sideswipe","Non-Related","Parked Vehicle","Not Applicable","Not Applicable","East Of",""
"690991","CR-0000097162","0","0","0","0","23-041-4003","False","True","51","2/9/2023 4:00:00 PM","No Pedestrians Involved","Unknown","Unknown","Daylight","Unknown","Unknown","Unknown","Other","Non-Related","Parked Vehicle","Not Applicable","Not Applicable","South Of",""
"690992","CR-0000097163","0","0","0","0","23-041-4005","False","True","","2/10/2023 4:20:00 PM","No Pedestrians Involved","Unknown","Unknown","Daylight","Unknown","Unknown","Unknown","Rear End","Related","Other Vehicle","Not Applicable","Not Applicable","Unknown",""
"690993","CR-0000097164","0","0","0","0","23-041-4007","False","True","51","2/10/2023 5:04:00 PM","No Pedestrians Involved","Unknown","Unknown","Unknown","Unknown","Unknown","Unknown","Broadside","Non-Related","Parked Vehicle","Not Applicable","Not Applicable","East Of",""
"690994","CR-0000097165","0","0","0","0","23-042-4000","False","True","","2/11/2023 11:35:00 AM","No Pedestrians Involved","Unknown","Unknown","Daylight","Unknown","Unknown","Unknown","Rear End","Related","Other Vehicle","Not Applicable","Not Applicable","South Of",""
"690995","CR-0000097166","0","0","0","0","23-045-4000","False","True","51","2/14/2023 8:25:00 AM","No Pedestrians Involved","Unknown","Unknown","Daylight","Unknown","Unknown","Unknown","Rear End","Non-Related","Other Vehicle","Not Applicable","Not Applicable","Unknown",""
"690996","CR-0000097167","0","0","0","0","23-039-0923","False","False","460","2/8/2023 11:10:00 PM","No Pedestrians Involved","Dry","No Unusual Conditions","Dark - Street Light","Violation Driver 1","No Controls Present/Factor","Clear","Broadside","Non-Related","Parked Vehicle","Not Applicable","Not Applicable","West Of",""
"690997","CR-0000097168","0","0","0","0","23-041-0538","False","False","215","2/10/2023 2:16:00 PM","No Pedestrians Involved","Dry","No Unusual Conditions","Daylight","Violation Driver 1","No Controls Present/Factor","Clear","Sideswipe","Non-Related","Parked Vehicle","Not Applicable","Not Applicable","South Of",""
"690999","CR-0000097171","0","0","0","0","23-037-0104","False","False","48","2/6/2023 5:30:00 AM","No Pedestrians Involved","Dry","No Unusual Conditions","Dark - Street Light","Violation Driver 1","No Controls Present/Factor","Clear","Sideswipe","Related","Other Vehicle","Not Applicable","Not Applicable","West Of",""
"691000","CR-0000097170","0","0","0","0","23-036-0788","False","False","40","2/5/2023 9:20:00 PM","No Pedestrians Involved","Dry","No Unusual Conditions","Dark - Street Light","Violation Driver 1","No Controls Present/Factor","Clear","Hit Object","Related","Fixed Object","Not Applicable","Not Applicable","West Of",""
"691001","CR-0000097172","0","0","0","0","23-045-4001","False","True","0","2/13/2023 3:56:00 PM","No Pedestrians Involved","Unknown","Unknown","Daylight","Unknown","Unknown","Unknown","Rear End","Intersection","Other Vehicle","Not Applicable","Not Applicable","At",""
"691002","CR-0000097173","0","0","0","0","23-049-4003","False","True","0","2/18/2023 7:55:00 PM","No Pedestrians Involved","Unknown","Unknown","Unknown","Unknown","Unknown","Unknown","Head On","Intersection","Other Vehicle","Not Applicable","Not Applicable","At",""
"691003","CR-0000097174","0","0","0","0","23-056-0081","True","False","57","2/25/2023 2:08:00 AM","No Pedestrians Involved","Dry","No Unusual Conditions","Dark - Street Light","Violation Driver 1","Controls Functioning","Clear","Hit Object","Non-Related","Fixed Object","Not Applicable","Not Applicable","West Of","Traffic signal"
"691004","CR-0000097175","0","1","0","0","23-039-0478","True","False","30","2/8/2023 1:36:00 PM","No Pedestrians Involved","Dry","No Unusual Conditions","Daylight","Violation Driver 1","No Controls Present/Factor","Clear","Hit Object","Related","Fixed Object","Not Applicable","Not Applicable","East Of","Tree, curb"
"691005","CR-0000097176","0","0","0","0","23-057-0114","True","False","176","2/26/2023 2:37:00 AM","No Pedestrians Involved","Dry","No Unusual Conditions","Dark - Street Light","Violation Driver 1","Unknown","Clear","Hit Object","Non-Related","Fixed Object","Not Applicable","Not Applicable","East Of","Lightpole"
"691006","CR-0000097177","0","0","0","0","23-057-0805","False","False","84","2/26/2023 7:15:00 PM","No Pedestrians Involved","Wet","No Unusual Conditions","Dark - Street Light","Violation Driver 1","No Controls Present/Factor","Cloudy","Sideswipe","Non-Related","Parked Vehicle","Not Applicable","Not Applicable","South Of",""
"691007","CR-0000097178","0","0","0","0","23-059-0204","False","False","60","2/28/2023 8:30:00 AM","No Pedestrians Involved","Wet","No Unusual Conditions","Daylight","Violation Driver 1","No Controls Present/Factor","Rain","Rear End","Non-Related","Parked Vehicle","Not Applicable","Not Applicable","South Of",""
"691008","CR-0000097179","0","0","0","0","23-044-0810","False","False","44","2/13/2023 8:28:00 PM","No Pedestrians Involved","Dry","No Unusual Conditions","Dark - Street Light","Violation Driver 1","No Controls Present/Factor","Clear","Rear End","Related","Parked Vehicle","Not Applicable","Not Applicable","North Of",""
"691010","CR-0000097181","0","0","0","0","23-059-0687","False","False","90","2/28/2023 6:12:00 PM","No Pedestrians Involved","Slippery (Muddy Oily etc.)","Unknown","Dark - No Street Light","Violation Driver 1","No Controls Present/Factor","Rain","Other","Non-Related","Parked Vehicle","Not Applicable","Not Applicable","East Of",""
"691011","CR-0000097182","2","0","0","0","23-046-0870","False","False","0","2/15/2023 7:33:00 PM","No Pedestrians Involved","Unknown","No Unusual Conditions","Dark - Street Light","Violation Driver 1","Controls Functioning","Unknown","Head On","Intersection","Other Vehicle","Not Applicable","Not Applicable","At",""
"691012","CR-0000097185","0","0","0","0","23-051-0127","False","False","0","2/20/2023 3:50:00 AM","No Pedestrians Involved","Dry","No Unusual Conditions","Dark - No Street Light","Violation Driver 1","Controls Functioning","Clear","Sideswipe","Intersection","Other Vehicle","Not Applicable","Not Applicable","At",""
"691013","CR-0000097184","0","0","0","0","23-049-0675","False","False","194","2/18/2023 6:20:00 PM","No Pedestrians Involved","Dry","No Unusual Conditions","Dark - Street Light","Violation Driver 1","Controls Functioning","Clear","Rear End","Non-Related","Other Vehicle","Not Applicable","Not Applicable","West Of",""