"CrashFactId","Name","MinorInjuries","ModerateInjuries","SevereInjuries","FatalInjuries","TcrNumber","CityDamageFlag","ShortFormFlag","Distance","CrashDateTime","PedestrianAction","RoadwaySurface","RoadwayCondition","Lighting","PrimaryCollisionFactor","TrafficControl","Weather","CollisionType","ProximityToIntersection","VehicleInvolvedWith","PedestrianDirectionFrom","PedestrianDirectionTo","DirectionFromIntersection","Comment"
"691240","CR-0000097465","0","0","0","0","23-046-0784","False","False","0","2/15/2023 5:56:00 PM","No Pedestrians Involved","Dry","No Unusual Conditions","Dusk - Dawn","Violation Driver 1","No Controls Present/Factor","Clear","Broadside","Intersection","Other Vehicle","Not Applicable","Not Applicable","At",""
"691241","CR-0000097466","0","0","0","0","23-041-0177","False","False","363","2/10/2023 7:25:00 AM","No Pedestrians Involved","Dry","No Unusual Conditions","Daylight","Violation Driver 1","Unknown","Clear","Rear End","Non-Related","Parked Vehicle","Not Applicable","Not Applicable","West Of",""
"691242","CR-0000097467","0","0","0","0","23-049-0865","True","False","133","2/18/2023 10:04:00 PM","No Pedestrians Involved","Dry","No Unusual Conditions","Dark - Street Light","Violation Driver 1","No Controls Present/Factor","Clear","Hit Object","Non-Related","Fixed Object","Not Applicable","Not Applicable","North Of","LIGHT POLE & TREE"
"691243","CR-0000097468","0","1","2","0","23-033-0790","False","False","0","2/2/2023 7:43:00 PM","No Pedestrians Involved","Dry","No Unusual Conditions","Dark - Street Light","Violation Driver 1","Controls Functioning","Clear","Broadside","Intersection","Other Vehicle","Not Applicable","Not Applicable","At",""
"691244","CR-0000097469","0","0","0","0","23-033-0264","True","False","109","2/2/2023 9:51:00 AM","No Pedestrians Involved","Dry","No Unusual Conditions","Daylight","Violation Driver 1","No Controls Present/Factor","Clear","Hit Object","Non-Related","Fixed Object","Not Applicable","Not Applicable","West Of","LIGHT POLE"
"691245","CR-0000097470","0","0","0","0","23-033-0080","True","False","0","2/2/2023 3:22:00 AM","No Pedestrians Involved","Dry","No Unusual Conditions","Dark - Street Light","Violation Driver 1","Controls Functioning","Clear","Hit Object","Intersection","Fixed Object","Not Applicable","Not Applicable","At","LIGHT POLE (2)"
"691246","CR-0000097471","2","0","0","0","23-032-0871","False","False","0","2/1/2023 10:26:00 PM","No Pedestrians Involved","Dry","No Unusual Conditions","Dark - Street Light","Violation Driver 1","Controls Functioning","Clear","Broadside","Intersection","Other Vehicle","Not Applicable","Not Applicable","At",""
"691247","CR-0000097472","0","0","0","0","23-050-0126","False","False","87","2/19/2023 3:02:00 AM","No Pedestrians Involved","Dry","No Unusual Conditions","Dark - Street Light","Violation Driver 1","Controls Functioning","Clear","Hit Object","Non-Related","Fixed Object","Not Applicable","Not Applicable","North Of","Telephone Pole"
"691248","CR-0000097473","0","0","0","0","23-047-9704","False","True","51","2/7/2023 4:50:00 PM","No Pedestrians Involved","Dry","No Unusual Conditions","Daylight","Unknown","No Controls Present/Factor","Clear","Rear End","Non-Related","Parked Vehicle","Not Applicable","Not Applicable","West Of",""
"691249","CR-0000097474","1","0","0","0","23-032-0580","False","False","0","2/1/2023 3:29:00 PM","No Pedestrians Involved","Dry","No Unusual Conditions","Daylight","Violation Driver 1","No Controls Present/Factor","Clear","Rear End","Intersection","Other Vehicle","Not Applicable","Not Applicable","At",""
"691250","CR-0000097475","4","0","0","0","23-059-0393","False","False","0","2/28/2023 12:35:00 PM","No Pedestrians Involved","Wet","No Unusual Conditions","Unknown","Violation Driver 1","Controls Functioning","Rain","Sideswipe","Intersection","Other Vehicle","Not Applicable","Not Applicable","At",""
"691251","CR-0000097476","3","2","0","0","23-049-0374","False","False","0","2/18/2023 12:09:00 PM","No Pedestrians Involved","Dry","No Unusual Conditions","Daylight","Violation Driver 1","Controls Functioning","Clear","Broadside","Intersection","Other Vehicle","Not Applicable","Not Applicable","At",""
"691252","CR-0000097477","1","0","0","0","23-054-0919","False","False","0","2/22/2023 9:00:00 PM","No Pedestrians Involved","Dry","No Unusual Conditions","Dark - Street Light","Unknown","No Controls Present/Factor","Unknown","Vehicle/Bike","Intersection","Bike","Not Applicable","Not Applicable","At","BIKE"
"691253","CR-0000097478","0","0","0","0","23-039-0284","False","False","0","2/8/2023 10:11:00 AM","No Pedestrians Involved","Dry","No Unusual Conditions","Daylight","Violation Driver 1","Controls Functioning","Clear","Sideswipe","Intersection","Motor Vehicle On Other Roadway","Not Applicable","Not Applicable","At",""
"691254","CR-0000097479","0","0","0","0","23-046-0140","False","False","135","2/15/2023 6:53:00 AM","No Pedestrians Involved","Dry","No Unusual Conditions","Daylight","Violation Driver 1","No Controls Present/Factor","Clear","Head On","Non-Related","Parked Vehicle","Not Applicable","Not Applicable","South Of",""
"691255","CR-0000097499","1","0","0","0","23-020-0437","False","False","51","1/20/2023 1:18:00 PM","No Pedestrians Involved","Dry","No Unusual Conditions","Daylight","Violation Driver 1","No Controls Present/Factor","Clear","Rear End","Non-Related","Other Vehicle","Not Applicable","Not Applicable","South Of",""
"691256","CR-0000097500","1","0","0","0","23-030-0697","False","False","174","1/30/2023 5:58:00 PM","No Pedestrians Involved","Dry","No Unusual Conditions","Dusk - Dawn","Violation Driver 1","Controls Functioning","Clear","Rear End","Non-Related","Parked Vehicle","Not Applicable","Not Applicable","North Of",""
"691259","CR-0000097503","1","0","0","0","23-027-0735","False","False","137","1/27/2023 7:30:00 PM","No Pedestrians Involved","Dry","No Unusual Conditions","Dark - Street Light","Violation Driver 1","Controls Functioning","Clear","Head On","Non-Related","Other Vehicle","Not Applicable","Not Applicable","West Of",""
"691263","CR-0000097508","1","0","0","0","23-056-0579","False","False","210","2/25/2023 4:40:00 PM","No Pedestrians Involved","Dry","No Unusual Conditions","Daylight","Violation Driver 1","No Controls Present/Factor","Clear","Sideswipe","Non-Related","Motorcycle","Not Applicable","Not Applicable","South Of",""
"691264","CR-0000097509","0","0","0","0","23-039-4003","False","True","0","2/8/2023 8:05:00 AM","No Pedestrians Involved","Unknown","Unknown","Unknown","Unknown","Unknown","Unknown","Broadside","Intersection","Other Vehicle","Not Applicable","Not Applicable","At",""
"691265","CR-0000097510","0","0","0","0","23-044-9704","False","True","0","2/13/2023 8:20:00 AM","No Pedestrians Involved","Dry","No Unusual Conditions","Daylight","Unknown","Controls Functioning","Clear","Sideswipe","Intersection","Other Vehicle","Not Applicable","Not Applicable","At",""
"691266","CR-0000097511","0","0","0","0","23-052-9704","False","True","51","2/19/2023 2:00:00 AM","No Pedestrians Involved","Dry","No Unusual Conditions","Dark - Street Light","Unknown","No Controls Present/Factor","Clear","Other","Non-Related","Other Vehicle","Not Applicable","Not Applicable","North Of",""
"691267","CR-0000097512","0","0","0","0","23-058-9704","False","True","51","2/25/2023 10:00:00 AM","No Pedestrians Involved","Unknown","No Unusual Conditions","Dark - No Street Light","Unknown","No Controls Present/Factor","Other","Other","Non-Related","Parked Vehicle","Not Applicable","Not Applicable","South Of",""
"691268","CR-0000097513","0","0","0","0","23-080-4002","False","True","51","2/16/2023 1:20:00 PM","No Pedestrians Involved","Unknown","Unknown","Unknown","Unknown","Unknown","Unknown","Other","Non-Related","Other Vehicle","Not Applicable","Not Applicable","West Of",""
"691269","CR-0000097514","0","0","0","0","23-089-4005","False","True","0","2/28/2023 8:20:00 AM","No Pedestrians Involved","Unknown","Unknown","Unknown","Unknown","Unknown","Unknown","Broadside","Intersection","Other Vehicle","Not Applicable","Not Applicable","At",""
"691270","CR-0000097515","0","0","0","0","23-042-9709","False","True","51","2/9/2023 8:20:00 AM","No Pedestrians Involved","Dry","No Unusual Conditions","Daylight","Unknown","Controls Functioning","Clear","Broadside","Non-Related","Parked Vehicle","Not Applicable","Not Applicable","North Of",""
"691271","CR-0000097516","0","0","0","0","23-058-9705","False","True","0","2/22/2023 3:00:00 PM","No Pedestrians Involved","Dry","No Unusual Conditions","Daylight","Unknown","Controls Functioning","Unknown","Rear End","Intersection","Other Vehicle","Not Applicable","Not Applicable","At",""
"691272","CR-0000097517","0","0","0","0","23-052-9707","False","True","0","2/18/2023 12:30:00 PM","No Pedestrians Involved","Dry","No Unusual Conditions","Daylight","Unknown","Controls Functioning","Clear","Rear End","Intersection","Other Vehicle","Not Applicable","Not Applicable","At",""
"691273","CR-0000097518","0","0","0","0","23-050-4000","False","True","51","2/18/2023 6:00:00 PM","No Pedestrians Involved","Unknown","Unknown","Unknown","Unknown","Unknown","Unknown","Other","Non-Related","Parked Vehicle","Not Applicable","Not Applicable","Unknown",""
"691274","CR-0000097519","0","0","0","0","23-051-4001","False","True","51","2/17/2023 5:15:00 PM","No Pedestrians Involved","Unknown","Unknown","Unknown","Unknown","Unknown","Unknown","Rear End","Non-Related","Parked Vehicle","Not Applicable","Not Applicable","West Of",""
"691275","CR-0000097520","0","0","0","0","23-054-4006","False","True","0","2/23/2023 11:50:00 AM","No Pedestrians Involved","Unknown","Unknown","Unknown","Unknown","Unknown","Unknown","Rear End","Intersection","Other Vehicle","Not Applicable","Not Applicable","At",""
"691276","CR-0000097521","2","0","0","0","23-057-0752","False","False","0","2/26/2023 8:11:00 PM","No Pedestrians Involved","Dry","No Unusual Conditions","Dark - Street Light","Violation Driver 1","Controls Functioning","Clear","Broadside","Intersection","Other Vehicle","Not Applicable","Not Applicable","At",""
"691277","CR-0000097522","1","0","0","0","23-059-0250","False","False","35","2/28/2023 9:40:00 AM","No Pedestrians Involved","Wet","No Unusual Conditions","Daylight","Violation Driver 1","Controls Functioning","Rain","Head On","Related","Other Vehicle","Not Applicable","Not Applicable","South Of",""
"691278","CR-0000097523","0","0","0","0","23-046-9705","False","True","240","2/10/2023 8:54:00 AM","No Pedestrians Involved","Dry","No Unusual Conditions","Daylight","Unknown","No Controls Present/Factor","Clear","Other","Non-Related","Parked Vehicle","Not Applicable","Not Applicable","East Of",""
"691279","CR-0000097524","0","0","0","0","23-049-4002","False","True","","2/18/2023 3:50:00 PM","No Pedestrians Involved","Unknown","Unknown","Unknown","Unknown","Unknown","Unknown","Sideswipe","Related","Parked Vehicle","Not Applicable","Not Applicable","East Of",""
"691280","CR-0000097525","0","0","0","0","23-052-4000","False","True","0","2/20/2023 4:03:00 PM","No Pedestrians Involved","Unknown","Unknown","Unknown","Unknown","Unknown","Unknown","Other","Intersection","Other Vehicle","Not Applicable","Not Applicable","At",""
"691281","CR-0000097526","0","0","0","0","23-052-4002","False","True","51","2/20/2023 11:59:00 PM","No Pedestrians Involved","Unknown","Unknown","Unknown","Unknown","Unknown","Unknown","Sideswipe","Non-Related","Parked Vehicle","Not Applicable","Not Applicable","North Of",""
"691282","CR-0000097527","2","0","0","0","23-058-0546","False","False","0","2/27/2023 5:44:00 PM","No Pedestrians Involved","Wet","No Unusual Conditions","Daylight","Violation Driver 1","Controls Functioning","Cloudy","Head On","Intersection","Other Vehicle","Not Applicable","Not Applicable","At",""
"691283","CR-0000097528","0","0","0","0","23-037-0181","False","False","290","2/5/2023 7:00:00 PM","No Pedestrians Involved","Dry","No Unusual Conditions","Dark - Street Light","Violation Driver 1","No Controls Present/Factor","Clear","Other","Non-Related","Other Vehicle","Not Applicable","Not Applicable","East Of",""
"691284","CR-0000097529","0","0","0","0","23-036-0671","False","False","0","2/5/2023 6:57:00 PM","No Pedestrians Involved","Dry","No Unusual Conditions","Dark - Street Light","Violation Driver 1","Controls Functioning","Clear","Rear End","Intersection","Other Vehicle","Not Applicable","Not Applicable","At",""
"691285","CR-0000097530","0","0","0","0","23-037-0643","False","False","305","2/7/2023 4:57:00 PM","No Pedestrians Involved","Dry","No Unusual Conditions","Daylight","Violation Driver 1","No Controls Present/Factor","Clear","Sideswipe","Non-Related","Parked Vehicle","Not Applicable","Not Applicable","South Of",""
"691286","CR-0000097531","0","0","0","0","23-038-0780","False","False","0","2/7/2023 7:45:00 PM","No Pedestrians Involved","Dry","No Unusual Conditions","Dark - Street Light","Violation Driver 1","Controls Functioning","Clear","Sideswipe","Intersection","Other Vehicle","Not Applicable","Not Applicable","At",""
"691287","CR-0000097532","0","0","0","0","23-049-0615","False","False","42","2/18/2023 4:56:00 PM","No Pedestrians Involved","Dry","No Unusual Conditions","Daylight","Violation Driver 1","No Controls Present/Factor","Clear","Sideswipe","Related","Parked Vehicle","Not Applicable","Not Applicable","South Of",""
"691288","CR-0000097533","0","0","1","0","23-054-0643","False","False","0","2/23/2023 1:00:00 PM","No Pedestrians Involved","Dry","Unknown","Daylight","Violation Driver 1","Unknown","Clear","Vehicle/Bike","Intersection","Bike","Not Applicable","Not Applicable","At","BIKE"
"691289","CR-0000097534","0","0","0","0","23-036-0385","False","False","177","2/3/2023 6:30:00 AM","No Pedestrians Involved","Dry","No Unusual Conditions","Daylight","Violation Driver 1","No Controls Present/Factor","Fog","Sideswipe","Non-Related","Parked Vehicle","Not Applicable","Not Applicable","North Of",""
"691290","CR-0000097535","0","0","0","0","23-036-0488","False","False","130","2/5/2023 2:30:00 PM","No Pedestrians Involved","Wet","No Unusual Conditions","Daylight","Violation Driver 1","No Controls Present/Factor","Clear","Sideswipe","Non-Related","Parked Vehicle","Not Applicable","Not Applicable","West Of",""
"691291","CR-0000097536","0","0","0","0","23-050-4001","False","True","51","2/16/2023 12:45:00 PM","No Pedestrians Involved","Unknown","Unknown","Unknown","Unknown","Unknown","Unknown","Hit Object","Non-Related","Fixed Object","Not Applicable","Not Applicable","South Of","hydrant"
"691292","CR-0000097537","0","1","0","0","23-033-0118","False","False","0","2/2/2023 5:20:00 AM","No Pedestrians Involved","Dry","No Unusual Conditions","Dark - Street Light","Violation Driver 1","Controls Functioning","Clear","Broadside","Intersection","Other Vehicle","Not Applicable","Not Applicable","At",""
"691293","CR-0000097538","0","0","0","0","23-043-0546","False","True","51","2/12/2023 5:00:00 PM","No Pedestrians Involved","Unknown","Unknown","Unknown","Unknown","Unknown","Unknown","Rear End","Non-Related","Other Vehicle","Not Applicable","Not Applicable","East Of",""
"691294","CR-0000097539","0","0","0","0","23-061-4005","False","True","","3/1/2023 7:45:00 AM","No Pedestrians Involved","Unknown","Unknown","Unknown","Unknown","Unknown","Clear","Rear End","Related","Other Vehicle","Not Applicable","Not Applicable","Unknown",""
"691295","CR-0000097540","1","0","0","0","23-060-0255","False","False","251","3/1/2023 9:43:00 AM","Crossing In Crosswalk - Not At Intersection","Dry","No Unusual Conditions","Daylight","Violation Driver 1","No Controls Present/Factor","Clear","Vehicle/Pedestrian","Non-Related","Pedestrian","North","South","North Of",""
"691296","CR-0000097541","1","0","0","0","23-060-0716","False","False","0","3/1/2023 6:25:00 PM","Crossing In Crosswalk - At Intersection","Dry","Unknown","Dusk - Dawn","Violation Driver 1","Controls Functioning","Clear","Vehicle/Pedestrian","Intersection","Pedestrian","East","West","At",""
"691297","CR-0000097542","1","0","0","0","23-060-0534","False","False","20","3/1/2023 3:00:00 PM","No Pedestrians Involved","Dry","No Unusual Conditions","Daylight","Violation Driver 1","Controls Functioning","Clear","Rear End","Related","Other Vehicle","Not Applicable","Not Applicable","South Of",""
"691298","CR-0000097543","1","0","0","0","23-060-0557","False","False","0","3/1/2023 3:30:00 PM","No Pedestrians Involved","Dry","Unknown","Daylight","Violation Driver 1","Controls Functioning","Clear","Rear End","Intersection","Other Vehicle","Not Applicable","Not Applicable","At",""
"691299","CR-0000097544","0","0","0","0","23-060-0152","False","False","0","3/1/2023 7:47:00 AM","No Pedestrians Involved","Dry","No Unusual Conditions","Daylight","Violation Driver 1","Controls Functioning","Clear","Sideswipe","Intersection","Other Vehicle","Not Applicable","Not Applicable","At",""
"691301","CR-0000097546","0","0","0","0","23-060-0185","False","False","120","3/1/2023 8:29:00 AM","No Pedestrians Involved","Dry","No Unusual Conditions","Daylight","Violation Driver 1","No Controls Present/Factor","Clear","Rear End","Non-Related","Other Vehicle","Not Applicable","Not Applicable","West Of",""
"691303","CR-0000097548","0","0","0","0","23-060-0854","False","False","251","3/1/2023 9:30:00 PM","No Pedestrians Involved","Dry","No Unusual Conditions","Dark - Street Light","Unknown","No Controls Present/Factor","Clear","Sideswipe","Non-Related","Parked Vehicle","Not Applicable","Not Applicable","East Of",""
"691304","CR-0000097549","1","0","0","0","23-024-0259","False","False","","1/24/2023 9:39:00 AM","No Pedestrians Involved","Dry","No Unusual Conditions","Daylight","Violation Driver 1","Controls Functioning","Clear","Rear End","Related","Other Vehicle","Not Applicable","Not Applicable","East Of",""
"691305","CR-0000097550","1","0","0","0","23-027-0197","False","False","0","1/27/2023 8:27:00 AM","Crossing In Crosswalk - At Intersection","Dry","No Unusual Conditions","Daylight","Violation Driver 1","Controls Functioning","Clear","Vehicle/Pedestrian","Intersection","Pedestrian","South","North","At","PED"
"691306","CR-0000097551","0","0","0","0","23-060-4003","False","True","51","3/1/2023 9:30:00 PM","No Pedestrians Involved","Unknown","Unknown","Unknown","Unknown","Unknown","Unknown","Sideswipe","Non-Related","Other Vehicle","Not Applicable","Not Applicable","West Of",""
"691307","CR-0000097552","0","0","0","0","23-061-4002","False","True","0","3/1/2023 7:00:00 PM","No Pedestrians Involved","Unknown","Unknown","Unknown","Unknown","Unknown","Unknown","Broadside","Intersection","Other Vehicle","Not Applicable","Not Applicable","At",""
"691308","CR-0000097553","0","0","0","0","23-061-4004","False","True","51","3/2/2023 6:15:00 PM","No Pedestrians Involved","Unknown","Unknown","Unknown","Unknown","Unknown","Unknown","Other","Non-Related","Parked Vehicle","Not Applicable","Not Applicable","North Of",""
"691309","CR-0000097554","0","0","0","0","23-070-4001","False","True","0","3/2/2023 6:50:00 PM","No Pedestrians Involved","Unknown","Unknown","Unknown","Unknown","Unknown","Unknown","Sideswipe","Intersection","Other Vehicle","Not Applicable","Not Applicable","At",""
"691310","CR-0000097555","0","0","0","0","23-062-4000","False","True","51","3/2/2023 7:30:00 AM","No Pedestrians Involved","Unknown","Unknown","Unknown","Unknown","Unknown","Unknown","Other","Non-Related","Parked Vehicle","Not Applicable","Not Applicable","South Of",""
"691312","CR-0000097557","0","0","0","0","23-066-9701","False","False","","3/2/2023 3:49:00 PM","No Pedestrians Involved","Dry","No Unusual Conditions","Daylight","Unknown","Controls Functioning","Clear","Broadside","Related","Other Vehicle","Not Applicable","Not Applicable","West Of",""
"691313","CR-0000097558","0","1","0","0","23-026-0613","False","False","","1/26/2023 4:31:00 PM","No Pedestrians Involved","Dry","No Unusual Conditions","Daylight","Violation Driver 1","Controls Functioning","Clear","Vehicle/Bike","Related","Scooter Motorized","Not Applicable","Not Applicable","North Of","MOTO.SCOOTER"
"691315","CR-0000097560","0","1","0","0","23-061-0451","False","False","0","3/2/2023 1:16:00 PM","No Pedestrians Involved","Dry","No Unusual Conditions","Daylight","Violation Driver 1","Controls Functioning","Clear","Head On","Intersection","Other Vehicle","Not Applicable","Not Applicable","At",""
"691316","CR-0000097562","2","0","0","0","23-021-0268","False","False","329","1/21/2023 10:00:00 AM","No Pedestrians Involved","Dry","No Unusual Conditions","Daylight","Violation Driver 1","No Controls Present/Factor","Clear","Head On","Non-Related","Other Vehicle","Not Applicable","Not Applicable","West Of",""
"691318","CR-0000097563","1","0","0","0","23-061-0647","False","False","0","3/2/2023 4:42:00 PM","No Pedestrians Involved","Dry","No Unusual Conditions","Daylight","Violation Driver 1","Controls Functioning","Clear","Head On","Intersection","Other Vehicle","Not Applicable","Not Applicable","At",""
"691319","CR-0000097566","0","0","0","0","23-062-4003","False","True","51","3/2/2023 7:40:00 PM","No Pedestrians Involved","Unknown","Unknown","Unknown","Unknown","Unknown","Unknown","Other","Non-Related","Parked Vehicle","Not Applicable","Not Applicable","North Of",""
"691321","CR-0000097567","0","0","0","0","23-080-9705","False","True","","3/3/2023 7:00:00 PM","No Pedestrians Involved","Dry","No Unusual Conditions","Dark - Street Light","Unknown","Controls Functioning","Clear","Sideswipe","Related","Other Vehicle","Not Applicable","Not Applicable","East Of",""
"691322","CR-0000097569","0","0","0","0","23-062-4011","False","True","0","3/3/2023 1:00:00 PM","No Pedestrians Involved","Unknown","Unknown","Daylight","Unknown","Unknown","Unknown","Broadside","Intersection","Other Vehicle","Not Applicable","Not Applicable","At",""
"691325","CR-0000097572","0","1","0","0","23-062-0582","False","False","0","3/3/2023 5:27:00 PM","No Pedestrians Involved","Dry","No Unusual Conditions","Daylight","Violation Driver 1","Controls Functioning","Clear","Head On","Intersection","Other Vehicle","Not Applicable","Not Applicable","At",""
"691326","CR-0000097573","0","0","0","0","23-066-0492","False","False","0","3/7/2023 2:25:00 PM","Crossing In Crosswalk - At Intersection","Dry","No Unusual Conditions","Daylight","Violation Driver 1","Controls Functioning","Clear","Vehicle/Pedestrian","Intersection","Pedestrian","South","North","At","PED"
"691327","CR-0000097574","0","0","0","0","23-063-4002","False","True","0","3/3/2023 1:15:00 AM","No Pedestrians Involved","Unknown","Unknown","Unknown","Unknown","Unknown","Unknown","Other","Intersection","Parked Vehicle","Not Applicable","Not Applicable","At",""
"691328","CR-0000097575","2","0","0","0","23-063-0380","False","False","23","3/4/2023 12:57:00 PM","No Pedestrians Involved","Wet","No Unusual Conditions","Daylight","Violation Driver 1","Controls Functioning","Rain","Broadside","Related","Other Vehicle","Not Applicable","Not Applicable","West Of",""
"691329","CR-0000097576","0","0","0","0","23-063-4001","False","True","","3/3/2023 6:15:00 PM","No Pedestrians Involved","Unknown","Unknown","Unknown","Unknown","Unknown","Unknown","Sideswipe","Related","Parked Vehicle","Not Applicable","Not Applicable","South Of",""
"691330","CR-0000097577","0","0","0","0","23-062-0375","False","False","0","3/3/2023 11:17:00 AM","No Pedestrians Involved","Dry","No Unusual Conditions","Daylight","Violation Driver 1","No Controls Present/Factor","Clear","Vehicle/Bike","Intersection","Bike","Not Applicable","Not Applicable","At",""
"691331","CR-0000097578","0","0","1","0","23-068-0697","False","False","0","3/9/2023 7:00:00 PM","Crossing - Not In Crosswalk","Wet","No Unusual Conditions","Dark - Street Light","Violation Driver 1","No Controls Present/Factor","Rain","Vehicle/Pedestrian","Intersection","Pedestrian","North","South","At","PED"
"691332","CR-0000097579","0","0","0","0","23-062-4001","False","True","51","3/3/2023 10:40:00 AM","No Pedestrians Involved","Unknown","Unknown","Daylight","Unknown","Unknown","Unknown","Broadside","Non-Related","Other Vehicle","Not Applicable","Not Applicable","North Of",""
"691333","CR-0000097580","1","0","0","0","23-071-0827","False","False","28","3/12/2023 10:44:00 PM","No Pedestrians Involved","Dry","No Unusual Conditions","Dark - Street Light","Violation Driver 1","Controls Functioning","Cloudy","Broadside","Related","Other Vehicle","Not Applicable","Not Applicable","North Of",""
"691334","CR-0000097581","0","0","0","0","23-068-4003","False","True","51","3/1/2023 6:50:00 AM","No Pedestrians Involved","Unknown","Unknown","Unknown","Unknown","Unknown","Unknown","Sideswipe","Non-Related","Parked Vehicle","Not Applicable","Not Applicable","East Of",""
"691335","CR-0000097582","1","0","1","0","23-072-0737","False","False","150","3/13/2023 5:01:00 PM","No Pedestrians Involved","Dry","No Unusual Conditions","Daylight","Violation Driver 1","No Controls Present/Factor","Clear","Head On","Non-Related","Other Vehicle","Not Applicable","Not Applicable","West Of",""
"691336","CR-0000097583","0","0","1","0","23-075-0314","False","False","0","3/16/2023 8:00:00 AM","Crossing In Crosswalk - At Intersection","Dry","No Unusual Conditions","Daylight","Violation Driver 1","No Controls Present/Factor","Clear","Vehicle/Pedestrian","Intersection","Pedestrian","South","North","At","PED"
"691337","CR-0000097584","1","0","0","0","23-076-0888","False","False","0","3/17/2023 9:14:00 PM","No Pedestrians Involved","Dry","No Unusual Conditions","Dark - Street Light","Violation Driver 1","Controls Functioning","Clear","Broadside","Intersection","Other Vehicle","Not Applicable","Not Applicable","At",""
"691338","CR-0000097585","1","0","0","0","23-077-9701","False","True","0","3/17/2023 5:15:00 PM","No Pedestrians Involved","Dry","No Unusual Conditions","Daylight","Unknown","No Controls Present/Factor","Clear","Sideswipe","Intersection","Other Vehicle","Not Applicable","Not Applicable","At",""
"691339","CR-0000097586","1","0","0","0","23-077-0647","False","False","0","3/18/2023 7:22:00 PM","No Pedestrians Involved","Dry","No Unusual Conditions","Dark - Street Light","Unknown","Controls Functioning","Clear","Sideswipe","Intersection","Other Vehicle","Not Applicable","Not Applicable","At","Hydrant"
"691340","CR-0000097587","0","1","0","0","23-077-0164","False","False","0","3/18/2023 6:05:00 AM","No Pedestrians Involved","Dry","No Unusual Conditions","Dusk - Dawn","Violation Driver 1","No Controls Present/Factor","Clear","Sideswipe","Intersection","Parked Vehicle","Not Applicable","Not Applicable","At",""
"691341","CR-0000097588","0","0","1","0","23-077-0031","False","False","0","3/18/2023 1:00:00 AM","No Pedestrians Involved","Dry","No Unusual Conditions","Dark - Street Light","Bike At Fault","No Controls Present/Factor","Clear","Vehicle/Bike","Intersection","Bike","Not Applicable","Not Applicable","At","BIKE"
"691342","CR-0000097589","1","1","0","0","23-088-0650","False","False","0","3/29/2023 4:18:00 PM","No Pedestrians Involved","Wet","No Unusual Conditions","Daylight","Violation Driver 1","Unknown","Cloudy","Broadside","Intersection","Other Vehicle","Not Applicable","Not Applicable","At",""
"691343","CR-0000097590","0","0","0","0","23-064-9703","False","True","51","3/3/2023 3:19:00 PM","No Pedestrians Involved","Dry","No Unusual Conditions","Daylight","Unknown","Controls Functioning","Clear","Rear End","Non-Related","Other Vehicle","Not Applicable","Not Applicable","East Of",""
"691344","CR-0000097591","0","0","0","0","23-077-0265","False","False","0","3/18/2023 10:43:00 AM","No Pedestrians Involved","Dry","No Unusual Conditions","Daylight","Violation Driver 1","Controls Functioning","Clear","Broadside","Intersection","Other Vehicle","Not Applicable","Not Applicable","At",""
"691345","CR-0000097593","0","0","0","0","23-075-0643","False","False","0","3/16/2023 4:57:00 PM","No Pedestrians Involved","Dry","No Unusual Conditions","Daylight","Violation Driver 1","Unknown","Clear","Rear End","Intersection","Motor Vehicle On Other Roadway","Not Applicable","Not Applicable","At",""
"691346","CR-0000097594","1","0","0","0","23-087-0717","False","False","81","3/28/2023 6:15:00 PM","No Pedestrians Involved","Wet","No Unusual Conditions","Daylight","Violation Driver 1","No Controls Present/Factor","Clear","Sideswipe","Non-Related","Other Vehicle","Not Applicable","Not Applicable","West Of",""
"691347","CR-0000097595","0","0","0","0","23-075-9708","False","True","51","3/15/2023 8:00:00 PM","No Pedestrians Involved","Dry","No Unusual Conditions","Dark - Street Light","Unknown","No Controls Present/Factor","Clear","Other","Non-Related","Parked Vehicle","Not Applicable","Not Applicable","West Of",""
"691348","CR-0000097596","0","1","0","0","23-089-0847","False","False","0","3/30/2023 7:49:00 PM","No Pedestrians Involved","Dry","No Unusual Conditions","Daylight","Violation Driver 1","Controls Functioning","Clear","Vehicle/Pedestrian","Intersection","Pedestrian","Not Applicable","Not Applicable","At","PED"
"691349","CR-0000097597","0","0","0","0","23-065-9705","False","True","0","3/2/2023 9:10:00 AM","No Pedestrians Involved","Dry","No Unusual Conditions","Daylight","Unknown","No Controls Present/Factor","Clear","Sideswipe","Intersection","Other Vehicle","Not Applicable","Not Applicable","At",""
"691350","CR-0000097598","0","0","0","0","23-082-0214","False","False","56","3/23/2023 8:45:00 AM","No Pedestrians Involved","Dry","No Unusual Conditions","Daylight","Violation Driver 1","Controls Functioning","Cloudy","Sideswipe","Non-Related","Parked Vehicle","Not Applicable","Not Applicable","North Of",""
"691352","CR-0000097600","0","1","0","0","23-052-0747","False","False","290","2/21/2023 5:28:00 PM","No Pedestrians Involved","Dry","No Unusual Conditions","Daylight","Violation Driver 1","No Controls Present/Factor","Wind","Broadside","Non-Related","Other Vehicle","Not Applicable","Not Applicable","South Of",""
"691353","CR-0000097601","1","0","0","0","23-089-0060","False","False","0","3/30/2023 2:04:00 AM","No Pedestrians Involved","Dry","Unknown","Dark - Street Light","Violation Driver 1","Controls Functioning","Clear","Rear End","Intersection","Other Vehicle","Not Applicable","Not Applicable","At",""
"691354","CR-0000097602","1","0","0","0","23-078-0620","False","False","0","3/19/2023 6:42:00 PM","No Pedestrians Involved","Dry","No Unusual Conditions","Daylight","Violation Driver 1","No Controls Present/Factor","Clear","Sideswipe","Intersection","Other Vehicle","Not Applicable","Not Applicable","At",""