"CrashFactId","Name","MinorInjuries","ModerateInjuries","SevereInjuries","FatalInjuries","TcrNumber","CityDamageFlag","ShortFormFlag","Distance","CrashDateTime","PedestrianAction","RoadwaySurface","RoadwayCondition","Lighting","PrimaryCollisionFactor","TrafficControl","Weather","CollisionType","ProximityToIntersection","VehicleInvolvedWith","PedestrianDirectionFrom","PedestrianDirectionTo","DirectionFromIntersection","Comment"
"692419","CR-0000097702","1","0","0","0","23-081-0197","False","False","0","3/22/2023 7:00:00 AM","No Pedestrians Involved","Wet","No Unusual Conditions","Daylight","Violation Driver 1","Controls Functioning","Cloudy","Head On","Intersection","Other Vehicle","Not Applicable","Not Applicable","At",""
"692420","CR-0000097703","1","0","0","0","23-081-0540","False","False","0","3/22/2023 3:30:00 PM","No Pedestrians Involved","Dry","No Unusual Conditions","Daylight","Violation Driver 1","Controls Functioning","Cloudy","Broadside","Intersection","Other Vehicle","Not Applicable","Not Applicable","At",""
"692421","CR-0000097704","2","0","0","0","23-081-0707","False","False","43","3/22/2023 6:52:00 PM","No Pedestrians Involved","Dry","No Unusual Conditions","Daylight","Violation Driver 1","Controls Functioning","Clear","Rear End","Related","Other Vehicle","Not Applicable","Not Applicable","North Of",""
"692422","CR-0000097705","2","0","0","0","23-081-0814","False","False","0","3/22/2023 9:43:00 PM","No Pedestrians Involved","Dry","No Unusual Conditions","Dark - Street Light","Violation Driver 1","Controls Functioning","Clear","Broadside","Intersection","Other Vehicle","Not Applicable","Not Applicable","At",""
"692423","CR-0000097706","2","0","0","0","23-081-0541","False","False","120","3/22/2023 3:38:00 PM","No Pedestrians Involved","Dry","No Unusual Conditions","Daylight","Violation Driver 1","Controls Functioning","Clear","Broadside","Non-Related","Other Vehicle","Not Applicable","Not Applicable","North Of",""
"692424","CR-0000097707","0","0","0","0","23-083-9702","False","True","","3/22/2023 5:15:00 AM","No Pedestrians Involved","Dry","No Unusual Conditions","Dark - Street Light","Unknown","No Controls Present/Factor","Clear","Broadside","Related","Parked Vehicle","Not Applicable","Not Applicable","North Of",""
"692425","CR-0000097708","0","1","0","0","23-081-0150","False","False","0","3/22/2023 7:50:00 AM","No Pedestrians Involved","Wet","No Unusual Conditions","Daylight","Violation Driver 1","Controls Functioning","Cloudy","Broadside","Intersection","Other Vehicle","Not Applicable","Not Applicable","At",""
"692426","CR-0000097709","1","0","0","0","23-082-0946","True","False","0","3/23/2023 10:21:00 PM","No Pedestrians Involved","Wet","No Unusual Conditions","Dark - Street Light","Violation Driver 1","No Controls Present/Factor","Unknown","Hit Object","Intersection","Fixed Object","Not Applicable","Not Applicable","At","TREE"
"692427","CR-0000097710","1","0","0","0","23-082-0182","False","False","81","3/23/2023 8:17:00 AM","No Pedestrians Involved","Dry","No Unusual Conditions","Daylight","Violation Driver 1","Controls Functioning","Cloudy","Rear End","Non-Related","Parked Vehicle","Not Applicable","Not Applicable","South Of",""
"692428","CR-0000097712","0","1","0","0","23-082-0956","False","False","0","3/23/2023 10:38:00 PM","No Pedestrians Involved","Wet","No Unusual Conditions","Dark - Street Light Not Functioning","Bike At Fault","Controls Functioning","Cloudy","Vehicle/Bike","Intersection","Bike","Not Applicable","Not Applicable","At","BIKE"
"692429","CR-0000097713","1","0","0","0","23-082-0686","False","False","0","3/23/2023 5:18:00 PM","No Pedestrians Involved","Dry","No Unusual Conditions","Daylight","Violation Driver 1","Controls Functioning","Clear","Rear End","Intersection","Other Vehicle","Not Applicable","Not Applicable","At",""
"692430","CR-0000097714","1","0","0","0","23-082-0009","False","False","0","3/23/2023 12:16:00 AM","No Pedestrians Involved","Dry","No Unusual Conditions","Dark - Street Light","Violation Driver 1","Unknown","Clear","Broadside","Intersection","Other Vehicle","Not Applicable","Not Applicable","At",""
"692431","CR-0000097715","0","1","0","0","23-080-0138","False","False","0","3/21/2023 7:38:00 AM","Crossing In Crosswalk - At Intersection","Wet","No Unusual Conditions","Daylight","Pedestrian At Fault","Controls Functioning","Rain","Vehicle/Pedestrian","Intersection","Pedestrian","East","West","At","PED"
"692432","CR-0000097716","0","0","0","0","23-082-0757","False","False","0","3/23/2023 6:30:00 PM","No Pedestrians Involved","Dry","No Unusual Conditions","Daylight","Violation Driver 1","Controls Functioning","Clear","Sideswipe","Intersection","Other Vehicle","Not Applicable","Not Applicable","At",""
"692433","CR-0000097717","1","0","0","0","23-082-0948","False","False","164","3/23/2023 10:25:00 PM","No Pedestrians Involved","Wet","No Unusual Conditions","Dark - Street Light","Violation Driver 1","Controls Functioning","Clear","Head On","Non-Related","Other Vehicle","Not Applicable","Not Applicable","West Of",""
"692434","CR-0000097718","0","0","0","0","23-082-4001","False","True","0","3/23/2023 4:50:00 PM","No Pedestrians Involved","Unknown","Unknown","Unknown","Unknown","Unknown","Unknown","Other","Intersection","Other Vehicle","Not Applicable","Not Applicable","At",""
"692435","CR-0000097719","0","0","0","0","23-086-4007","False","True","51","3/23/2023 11:36:00 PM","No Pedestrians Involved","Unknown","Unknown","Unknown","Unknown","Unknown","Unknown","Sideswipe","Non-Related","Parked Vehicle","Not Applicable","Not Applicable","North Of",""
"692436","CR-0000097720","1","0","0","0","23-083-0173","False","False","0","3/24/2023 7:26:00 AM","No Pedestrians Involved","Dry","No Unusual Conditions","Daylight","Bike At Fault","No Controls Present/Factor","Clear","Vehicle/Bike","Intersection","Bike","Not Applicable","Not Applicable","At","BIKE"
"692437","CR-0000097721","1","0","0","0","23-083-0230","False","False","0","3/24/2023 9:10:00 AM","No Pedestrians Involved","Dry","No Unusual Conditions","Daylight","Unknown","Controls Not Functioning","Cloudy","Broadside","Intersection","Other Vehicle","Not Applicable","Not Applicable","At",""
"692438","CR-0000097722","1","0","0","0","23-083-0637","False","False","278","3/24/2023 5:00:00 PM","No Pedestrians Involved","Dry","No Unusual Conditions","Daylight","Violation Driver 1","No Controls Present/Factor","Clear","Broadside","Non-Related","Other Vehicle","Not Applicable","Not Applicable","North Of",""
"692439","CR-0000097723","1","0","0","0","23-084-9705","False","True","","3/24/2023 2:28:00 PM","No Pedestrians Involved","Unknown","No Unusual Conditions","Daylight","Unknown","Controls Functioning","Clear","Rear End","Related","Other Vehicle","Not Applicable","Not Applicable","East Of",""
"692440","CR-0000097724","0","0","0","0","23-083-0768","False","False","0","3/24/2023 7:22:00 PM","No Pedestrians Involved","Dry","No Unusual Conditions","Daylight","Unknown","No Controls Present/Factor","Clear","Sideswipe","Intersection","Parked Vehicle","Not Applicable","Not Applicable","At",""
"692441","CR-0000097725","0","0","0","0","23-083-1020","False","False","45","3/24/2023 11:45:00 PM","No Pedestrians Involved","Dry","No Unusual Conditions","Dark - Street Light","Violation Driver 1","Controls Functioning","Clear","Sideswipe","Related","Parked Vehicle","Not Applicable","Not Applicable","West Of",""
"692442","CR-0000097726","0","0","0","0","23-083-1013","False","False","295","3/24/2023 11:30:00 PM","No Pedestrians Involved","Dry","No Unusual Conditions","Dark - Street Light","Violation Driver 1","No Controls Present/Factor","Clear","Sideswipe","Non-Related","Parked Vehicle","Not Applicable","Not Applicable","North Of",""
"692443","CR-0000097727","0","0","0","0","23-084-0051","False","False","26","3/25/2023 1:15:00 AM","No Pedestrians Involved","Dry","No Unusual Conditions","Dark - Street Light","Violation Driver 1","No Controls Present/Factor","Clear","Sideswipe","Related","Parked Vehicle","Not Applicable","Not Applicable","East Of",""
"692444","CR-0000097729","0","1","0","0","23-083-0378","False","False","0","3/24/2023 12:24:00 PM","Crossing - Not In Crosswalk","Dry","No Unusual Conditions","Daylight","Pedestrian At Fault","No Controls Present/Factor","Clear","Vehicle/Pedestrian","Intersection","Pedestrian","South","North","At","PED"
"692445","CR-0000097730","0","0","0","0","23-083-0875","False","False","23","3/24/2023 9:08:00 PM","No Pedestrians Involved","Dry","No Unusual Conditions","Dark - Street Light","Violation Driver 1","No Controls Present/Factor","Clear","Rear End","Related","Other Vehicle","Not Applicable","Not Applicable","East Of",""
"692446","CR-0000097731","1","0","0","0","23-085-0411","False","False","0","3/26/2023 1:43:00 PM","No Pedestrians Involved","Dry","No Unusual Conditions","Daylight","Violation Driver 1","Controls Functioning","Clear","Sideswipe","Intersection","Other Vehicle","Not Applicable","Not Applicable","At",""
"692447","CR-0000097732","0","0","0","0","23-083-0876","False","False","99","3/24/2023 9:09:00 PM","No Pedestrians Involved","Dry","No Unusual Conditions","Dark - Street Light","Violation Driver 1","No Controls Present/Factor","Clear","Head On","Non-Related","Parked Vehicle","Not Applicable","Not Applicable","South Of",""
"692448","CR-0000097733","1","0","0","0","23-083-0567","False","False","82","3/24/2023 3:35:00 PM","No Pedestrians Involved","Dry","No Unusual Conditions","Daylight","Violation Driver 1","No Controls Present/Factor","Clear","Sideswipe","Non-Related","Motor Vehicle On Other Roadway","Not Applicable","Not Applicable","East Of",""
"692449","CR-0000097734","0","0","0","0","23-083-4005","False","True","0","3/21/2023 8:35:00 PM","No Pedestrians Involved","Unknown","Unknown","Unknown","Unknown","Unknown","Unknown","Sideswipe","Intersection","Other Vehicle","Not Applicable","Not Applicable","At",""
"692450","CR-0000097735","1","0","0","0","23-083-0056","False","False","0","3/24/2023 12:40:00 AM","No Pedestrians Involved","Dry","No Unusual Conditions","Dark - Street Light","Violation Driver 1","No Controls Present/Factor","Clear","Head On","Intersection","Other Vehicle","Not Applicable","Not Applicable","At",""
"692451","CR-0000097738","0","0","0","0","23-083-0004","False","False","0","3/24/2023 12:15:00 AM","No Pedestrians Involved","Dry","No Unusual Conditions","Dark - Street Light","Violation Driver 1","No Controls Present/Factor","Clear","Rear End","Intersection","Parked Vehicle","Not Applicable","Not Applicable","At",""
"692452","CR-0000097739","0","1","0","0","23-084-0380","False","False","0","3/25/2023 1:35:00 PM","No Pedestrians Involved","Dry","No Unusual Conditions","Daylight","Violation Driver 1","No Controls Present/Factor","Clear","Broadside","Intersection","Other Vehicle","Not Applicable","Not Applicable","At",""
"692453","CR-0000097740","0","0","0","0","23-084-0280","False","False","51","3/25/2023 11:08:00 AM","No Pedestrians Involved","Dry","No Unusual Conditions","Daylight","Violation Driver 1","Controls Functioning","Clear","Rear End","Non-Related","Other Vehicle","Not Applicable","Not Applicable","West Of",""
"692454","CR-0000097741","0","0","0","0","23-084-0276","True","False","0","3/25/2023 11:00:00 AM","No Pedestrians Involved","Dry","No Unusual Conditions","Daylight","Violation Driver 1","Controls Functioning","Clear","Hit Object","Intersection","Fixed Object","Not Applicable","Not Applicable","At","Crosswalk Pole"
"692455","CR-0000097742","1","0","0","0","23-084-0469","False","False","300","3/25/2023 3:32:00 PM","No Pedestrians Involved","Dry","No Unusual Conditions","Daylight","Violation Driver 1","No Controls Present/Factor","Clear","Rear End","Non-Related","Motorcycle","Not Applicable","Not Applicable","West Of",""
"692456","CR-0000097743","3","0","0","0","23-085-0413","False","False","202","3/26/2023 12:40:00 PM","No Pedestrians Involved","Dry","No Unusual Conditions","Daylight","Violation Driver 1","Controls Functioning","Clear","Rear End","Non-Related","Other Vehicle","Not Applicable","Not Applicable","East Of",""
"692457","CR-0000097744","0","0","0","0","23-084-0550","False","False","60","3/25/2023 5:03:00 PM","No Pedestrians Involved","Dry","No Unusual Conditions","Daylight","Violation Driver 1","Controls Functioning","Clear","Rear End","Non-Related","Other Vehicle","Not Applicable","Not Applicable","South Of",""
"692458","CR-0000097745","4","0","0","0","23-084-0716","False","False","189","3/25/2023 7:51:00 PM","No Pedestrians Involved","Dry","No Unusual Conditions","Dark - Street Light","Violation Driver 1","Controls Functioning","Clear","Rear End","Non-Related","Other Vehicle","Not Applicable","Not Applicable","West Of",""
"692459","CR-0000097746","0","0","1","0","23-084-0271","False","False","0","3/25/2023 10:51:00 AM","No Pedestrians Involved","Dry","No Unusual Conditions","Daylight","Violation Driver 1","No Controls Present/Factor","Clear","Broadside","Intersection","Motor Vehicle On Other Roadway","Not Applicable","Not Applicable","At",""
"692460","CR-0000097747","0","0","0","0","23-084-0528","False","False","0","3/25/2023 4:34:00 PM","No Pedestrians Involved","Dry","No Unusual Conditions","Daylight","Violation Driver 1","Unknown","Clear","Rear End","Intersection","Other Vehicle","Not Applicable","Not Applicable","At",""
"692461","CR-0000097748","1","0","0","0","23-084-0879","False","False","202","3/25/2023 10:52:00 PM","No Pedestrians Involved","Dry","No Unusual Conditions","Dark - Street Light","Violation Driver 1","No Controls Present/Factor","Clear","Head On","Non-Related","Other Vehicle","Not Applicable","Not Applicable","North Of",""
"692462","CR-0000097750","1","0","0","0","23-084-0423","False","False","75","3/25/2023 2:36:00 PM","No Pedestrians Involved","Dry","No Unusual Conditions","Daylight","Violation Driver 1","Controls Functioning","Clear","Rear End","Non-Related","Other Vehicle","Not Applicable","Not Applicable","South Of",""
"692463","CR-0000097751","0","0","0","0","23-095-9707","False","True","","3/13/2023 6:00:00 AM","No Pedestrians Involved","Unknown","Other","Unknown","Unknown","Controls Functioning","Unknown","Rear End","Non-Related","Other Vehicle","Not Applicable","Not Applicable","Unknown",""
"692464","CR-0000097752","1","0","0","0","23-072-0899","False","False","0","3/13/2023 7:54:00 PM","No Pedestrians Involved","Wet","No Unusual Conditions","Dark - Street Light","Violation Driver 1","Controls Functioning","Clear","Head On","Intersection","Other Vehicle","Not Applicable","Not Applicable","At",""
"692465","CR-0000097753","0","0","0","0","23-088-4003","False","True","0","3/13/2023 8:30:00 AM","No Pedestrians Involved","Unknown","Unknown","Unknown","Unknown","Unknown","Unknown","Rear End","Intersection","Other Vehicle","Not Applicable","Not Applicable","At",""
"692466","CR-0000097754","1","0","0","0","23-072-0838","False","False","0","3/13/2023 6:44:00 PM","No Pedestrians Involved","Dry","No Unusual Conditions","Daylight","Bike At Fault","No Controls Present/Factor","Clear","Vehicle/Bike","Intersection","Bike","Not Applicable","Not Applicable","At",""
"692467","CR-0000097755","0","0","0","0","23-072-0774","False","False","190","3/13/2023 5:36:00 PM","No Pedestrians Involved","Dry","No Unusual Conditions","Daylight","Violation Driver 1","Unknown","Clear","Hit Object","Non-Related","Fixed Object","Not Applicable","Not Applicable","West Of",""
"692468","CR-0000097756","0","1","0","0","23-073-0723","True","False","714","3/14/2023 4:55:00 PM","No Pedestrians Involved","Wet","No Unusual Conditions","Daylight","Violation Driver 1","No Controls Present/Factor","Cloudy","Hit Object","Non-Related","Fixed Object","Not Applicable","Not Applicable","West Of","TREE"
"692469","CR-0000097757","0","1","0","0","23-073-0943","False","False","0","3/14/2023 9:19:00 PM","Crossing In Crosswalk - Not At Intersection","Wet","Unknown","Dark - Street Light","Violation Driver 1","Unknown","Cloudy","Vehicle/Pedestrian","Intersection","Pedestrian","East","West","At","PED"
"692470","CR-0000097758","0","0","0","0","23-080-9707","False","True","0","3/14/2023 7:05:00 PM","No Pedestrians Involved","Wet","No Unusual Conditions","Daylight","Unknown","Controls Functioning","Rain","Rear End","Intersection","Other Vehicle","Not Applicable","Not Applicable","At",""
"692471","CR-0000097759","0","0","0","0","23-073-0901","False","True","0","3/14/2023 8:30:00 PM","No Pedestrians Involved","Unknown","Unknown","Unknown","Unknown","Unknown","Unknown","Broadside","Intersection","Other Vehicle","Not Applicable","Not Applicable","At",""
"692472","CR-0000097760","1","0","0","0","23-073-0958","False","False","0","3/14/2023 9:39:00 PM","No Pedestrians Involved","Dry","No Unusual Conditions","Dark - Street Light Not Functioning","Violation Driver 1","Controls Not Functioning","Clear","Broadside","Intersection","Other Vehicle","Not Applicable","Not Applicable","At",""
"692473","CR-0000097761","0","0","0","0","23-080-4006","False","True","0","3/15/2023 11:30:00 AM","No Pedestrians Involved","Unknown","Unknown","Unknown","Unknown","Unknown","Unknown","Broadside","Intersection","Other Vehicle","Not Applicable","Not Applicable","At",""
"692474","CR-0000097762","0","0","0","0","23-075-4000","False","True","51","3/15/2023 10:50:00 PM","No Pedestrians Involved","Unknown","Unknown","Unknown","Unknown","Unknown","Unknown","Sideswipe","Non-Related","Other Vehicle","Not Applicable","Not Applicable","Unknown",""
"692475","CR-0000097763","0","0","0","0","23-074-0896","False","False","0","3/15/2023 7:30:00 PM","No Pedestrians Involved","Dry","No Unusual Conditions","Dark - Street Light","Violation Driver 1","No Controls Present/Factor","Clear","Sideswipe","Intersection","Other Vehicle","Not Applicable","Not Applicable","At",""
"692476","CR-0000097764","2","0","0","0","23-074-0128","False","False","0","3/15/2023 5:45:00 AM","No Pedestrians Involved","Dry","No Unusual Conditions","Dark - Street Light Not Functioning","Violation Driver 1","Controls Not Functioning","Clear","Broadside","Intersection","Other Vehicle","Not Applicable","Not Applicable","At",""
"692477","CR-0000097765","1","0","0","0","23-074-0481","False","False","0","3/15/2023 12:54:00 PM","No Pedestrians Involved","Dry","No Unusual Conditions","Daylight","Violation Driver 1","Controls Functioning","Clear","Broadside","Intersection","Other Vehicle","Not Applicable","Not Applicable","At",""
"692478","CR-0000097766","0","1","0","0","23-074-0631","False","False","0","3/15/2023 3:23:00 PM","No Pedestrians Involved","Dry","No Unusual Conditions","Daylight","Violation Driver 1","Controls Not Functioning","Clear","Broadside","Intersection","Other Vehicle","Not Applicable","Not Applicable","At",""
"692479","CR-0000097767","1","0","0","0","23-074-0176","False","False","0","3/15/2023 7:00:00 AM","No Pedestrians Involved","Dry","No Unusual Conditions","Dusk - Dawn","Violation Driver 1","Controls Not Functioning","Clear","Head On","Intersection","Other Vehicle","Not Applicable","Not Applicable","At",""
"692480","CR-0000097768","1","0","0","0","23-074-0556","False","False","40","3/15/2023 2:08:00 PM","No Pedestrians Involved","Dry","No Unusual Conditions","Daylight","Violation Driver 1","Unknown","Clear","Rear End","Related","Other Vehicle","Not Applicable","Not Applicable","West Of",""
"692481","CR-0000097769","0","0","0","0","23-075-9701","False","True","","3/15/2023 5:05:00 PM","No Pedestrians Involved","Dry","No Unusual Conditions","Daylight","Unknown","Controls Functioning","Clear","Rear End","Related","Other Vehicle","Not Applicable","Not Applicable","Unknown",""
"692482","CR-0000097770","1","0","0","0","23-074-0145","False","False","0","3/15/2023 6:34:00 AM","No Pedestrians Involved","Dry","No Unusual Conditions","Dusk - Dawn","Violation Driver 1","Controls Not Functioning","Clear","Head On","Intersection","Other Vehicle","Not Applicable","Not Applicable","At",""
"692483","CR-0000097771","1","0","0","0","23-074-0679","False","False","90","3/15/2023 4:10:00 PM","In Road - Includes Shoulder","Dry","No Unusual Conditions","Daylight","Pedestrian At Fault","Controls Functioning","Clear","Vehicle/Pedestrian","Non-Related","Scooter Non-Motorized","North","South","South Of","PED (SCOOTER)"
"692484","CR-0000097772","1","0","0","0","23-074-0266","False","False","0","3/15/2023 9:10:00 AM","No Pedestrians Involved","Dry","No Unusual Conditions","Daylight","Violation Driver 1","Controls Not Functioning","Clear","Broadside","Intersection","Other Vehicle","Not Applicable","Not Applicable","At",""
"692485","CR-0000097773","2","0","0","0","23-074-0289","False","False","115","3/15/2023 9:36:00 AM","No Pedestrians Involved","Dry","No Unusual Conditions","Daylight","Violation Driver 1","Controls Functioning","Clear","Sideswipe","Non-Related","Other Vehicle","Not Applicable","Not Applicable","North Of",""
"692486","CR-0000097774","0","0","0","0","23-074-0475","True","False","0","3/15/2023 12:47:00 PM","No Pedestrians Involved","Dry","No Unusual Conditions","Daylight","Violation Driver 1","Unknown","Clear","Hit Object","Intersection","Fixed Object","Not Applicable","Not Applicable","At","Crosswalk Signal"
"692487","CR-0000097775","2","0","0","0","23-073-0746","False","False","0","3/14/2023 5:17:00 PM","No Pedestrians Involved","Dry","No Unusual Conditions","Daylight","Violation Driver 1","Controls Not Functioning","Clear","Head On","Intersection","Other Vehicle","Not Applicable","Not Applicable","At",""
"692488","CR-0000097776","0","0","0","0","23-073-0896","False","False","0","3/14/2023 8:19:00 PM","No Pedestrians Involved","Dry","No Unusual Conditions","Dark - No Street Light","Violation Driver 1","Controls Not Functioning","Cloudy","Broadside","Intersection","Other Vehicle","Not Applicable","Not Applicable","At",""
"692489","CR-0000097777","0","0","0","0","23-074-0915","True","False","146","3/15/2023 8:19:00 PM","No Pedestrians Involved","Dry","No Unusual Conditions","Dark - Street Light","Violation Driver 1","Controls Functioning","Clear","Hit Object","Non-Related","Fixed Object","Not Applicable","Not Applicable","West Of","TREE"
"692490","CR-0000097778","0","0","0","0","23-074-0338","False","False","200","3/15/2023 10:34:00 AM","No Pedestrians Involved","Dry","No Unusual Conditions","Daylight","Violation Driver 1","No Controls Present/Factor","Clear","Other","Non-Related","Parked Vehicle","Not Applicable","Not Applicable","East Of",""
"692491","CR-0000097779","0","2","0","0","23-074-0257","False","False","0","3/15/2023 9:00:00 AM","No Pedestrians Involved","Dry","No Unusual Conditions","Daylight","Violation Driver 1","Controls Not Functioning","Clear","Broadside","Intersection","Other Vehicle","Not Applicable","Not Applicable","At",""
"692492","CR-0000097780","0","0","0","0","23-074-0973","False","False","0","3/15/2023 7:00:00 PM","No Pedestrians Involved","Dry","No Unusual Conditions","Daylight","Violation Driver 1","Controls Functioning","Clear","Rear End","Intersection","Other Vehicle","Not Applicable","Not Applicable","At",""
"692493","CR-0000097781","0","2","0","0","23-074-0727","False","False","183","3/15/2023 5:05:00 PM","No Pedestrians Involved","Dry","No Unusual Conditions","Daylight","Violation Driver 1","No Controls Present/Factor","Clear","Rear End","Non-Related","Motor Vehicle On Other Roadway","Not Applicable","Not Applicable","East Of",""
"692494","CR-0000097782","0","0","0","0","23-074-1000","True","False","0","3/15/2023 10:38:00 PM","No Pedestrians Involved","Dry","No Unusual Conditions","Dark - Street Light","Violation Driver 1","Controls Functioning","Clear","Hit Object","Intersection","Fixed Object","Not Applicable","Not Applicable","At","LIGHT POLE"
"692495","CR-0000097783","0","0","0","0","23-075-0351","False","False","106","3/15/2023 10:30:00 AM","No Pedestrians Involved","Dry","No Unusual Conditions","Dusk - Dawn","Violation Driver 1","No Controls Present/Factor","Clear","Sideswipe","Non-Related","Parked Vehicle","Not Applicable","Not Applicable","West Of",""
"692496","CR-0000097784","0","0","0","0","23-076-9703","False","True","0","3/15/2023 3:30:00 PM","No Pedestrians Involved","Dry","No Unusual Conditions","Daylight","Unknown","Controls Functioning","Cloudy","Sideswipe","Intersection","Other Vehicle","Not Applicable","Not Applicable","At",""
"692497","CR-0000097785","2","1","0","0","23-074-0438","False","False","180","3/15/2023 12:28:00 PM","No Pedestrians Involved","Dry","Unknown","Daylight","Violation Driver 1","No Controls Present/Factor","Clear","Broadside","Non-Related","Other Vehicle","Not Applicable","Not Applicable","South Of",""
"692498","CR-0000097786","2","0","0","0","23-074-0988","False","False","0","3/15/2023 10:20:00 PM","No Pedestrians Involved","Dry","Other","Dark - No Street Light","Violation Driver 1","Controls Not Functioning","Clear","Broadside","Intersection","Other Vehicle","Not Applicable","Not Applicable","At",""
"692499","CR-0000097787","2","0","0","0","23-074-0624","False","False","93","3/15/2023 3:14:00 PM","No Pedestrians Involved","Dry","No Unusual Conditions","Daylight","Violation Driver 1","Controls Functioning","Clear","Rear End","Non-Related","Other Vehicle","Not Applicable","Not Applicable","West Of",""
"692500","CR-0000097788","0","0","0","0","23-070-4000","False","True","51","3/11/2023 9:20:00 AM","No Pedestrians Involved","Unknown","Unknown","Unknown","Unknown","Unknown","Unknown","Other","Non-Related","Parked Vehicle","Not Applicable","Not Applicable","North Of",""
"692501","CR-0000097789","0","0","0","0","23-070-0221","True","False","0","3/11/2023 12:01:00 AM","No Pedestrians Involved","Wet","No Unusual Conditions","Dark - Street Light","Violation Driver 1","Unknown","Rain","Hit Object","Intersection","Fixed Object","Not Applicable","Not Applicable","At",""
"692502","CR-0000097791","0","0","0","0","23-074-4001","False","True","0","3/15/2023 8:10:00 AM","No Pedestrians Involved","Unknown","Unknown","Unknown","Unknown","Unknown","Unknown","Sideswipe","Related","Other Vehicle","Not Applicable","Not Applicable","At",""
"692503","CR-0000097792","0","0","0","0","23-074-4000","False","True","51","3/14/2023 8:05:00 AM","No Pedestrians Involved","Unknown","Unknown","Unknown","Unknown","Unknown","Unknown","Other","Non-Related","Other Vehicle","Not Applicable","Not Applicable","South Of",""
"692504","CR-0000097793","0","0","0","0","23-074-4006","False","True","50","3/12/2023 1:00:00 PM","No Pedestrians Involved","Unknown","Unknown","Unknown","Unknown","Unknown","Unknown","Broadside","Related","Other Vehicle","Not Applicable","Not Applicable","Unknown",""
"692505","CR-0000097794","0","0","0","0","23-073-4005","False","True","0","3/14/2023 5:00:00 PM","No Pedestrians Involved","Unknown","Unknown","Unknown","Unknown","Unknown","Unknown","Rear End","Intersection","Unknown","Not Applicable","Not Applicable","At",""
"692506","CR-0000097795","0","0","0","0","23-070-0394","False","False","72","3/11/2023 12:11:00 PM","No Pedestrians Involved","Dry","No Unusual Conditions","Daylight","Violation Driver 1","No Controls Present/Factor","Clear","Sideswipe","Non-Related","Parked Vehicle","Not Applicable","Not Applicable","South Of",""
"692507","CR-0000097796","0","0","0","0","23-075-0725","False","False","500","3/16/2023 6:05:00 PM","No Pedestrians Involved","Dry","No Unusual Conditions","Daylight","Violation Driver 1","Controls Functioning","Clear","Sideswipe","Non-Related","Other Vehicle","Not Applicable","Not Applicable","North Of",""
"692508","CR-0000097797","0","0","0","0","23-076-0560","False","False","330","3/17/2023 3:13:00 PM","No Pedestrians Involved","Dry","No Unusual Conditions","Daylight","Violation Driver 1","No Controls Present/Factor","Clear","Broadside","Non-Related","Other Vehicle","Not Applicable","Not Applicable","North Of",""
"692509","CR-0000097798","0","0","1","0","23-070-0483","False","False","0","3/11/2023 2:57:00 PM","No Pedestrians Involved","Dry","Unknown","Daylight","Violation Driver 1","Controls Functioning","Clear","Broadside","Intersection","Other Vehicle","Not Applicable","Not Applicable","At",""
"692510","CR-0000097799","0","0","0","0","23-074-0094","True","False","92","3/15/2023 3:45:00 AM","No Pedestrians Involved","Dry","No Unusual Conditions","Dark - Street Light","Violation Driver 1","Controls Functioning","Clear","Hit Object","Non-Related","Fixed Object","Not Applicable","Not Applicable","South Of","TREE"
"692511","CR-0000097800","2","0","0","0","23-071-0320","False","False","0","3/12/2023 11:53:00 AM","No Pedestrians Involved","Wet","No Unusual Conditions","Daylight","Violation Driver 1","Controls Functioning","Rain","Broadside","Intersection","Other Vehicle","Not Applicable","Not Applicable","At",""
"692512","CR-0000097801","0","0","0","0","23-072-1055","True","False","93","3/13/2023 11:52:00 PM","No Pedestrians Involved","Dry","No Unusual Conditions","Dark - Street Light","Violation Driver 1","Controls Functioning","Clear","Hit Object","Non-Related","Fixed Object","Not Applicable","Not Applicable","West Of",""
"692513","CR-0000097802","1","0","0","0","23-072-0666","False","False","51","3/13/2023 4:01:00 PM","No Pedestrians Involved","Dry","No Unusual Conditions","Daylight","Violation Driver 1","Controls Functioning","Clear","Vehicle/Bike","Non-Related","Scooter Motorized","Not Applicable","Not Applicable","South Of","MOTO SCOOTER"
"692514","CR-0000097804","1","0","0","0","23-072-0590","False","False","0","3/13/2023 2:49:00 PM","No Pedestrians Involved","Dry","No Unusual Conditions","Daylight","Violation Driver 1","Controls Functioning","Clear","Broadside","Intersection","Other Vehicle","Not Applicable","Not Applicable","East Of",""
"692515","CR-0000097805","2","0","0","0","23-072-1034","False","False","102","3/13/2023 11:17:00 PM","No Pedestrians Involved","Dry","No Unusual Conditions","Dark - Street Light","Violation Driver 1","Controls Functioning","Clear","Sideswipe","Non-Related","Other Vehicle","Not Applicable","Not Applicable","East Of",""
"692516","CR-0000097806","1","0","0","0","23-073-0711","False","False","149","3/14/2023 4:40:00 PM","No Pedestrians Involved","Dry","No Unusual Conditions","Daylight","Violation Driver 1","Controls Functioning","Clear","Rear End","Non-Related","Other Vehicle","Not Applicable","Not Applicable","North Of",""
"692517","CR-0000097807","0","0","0","0","23-073-0327","True","False","58","3/14/2023 10:45:00 AM","No Pedestrians Involved","Wet","No Unusual Conditions","Daylight","Violation Driver 1","Controls Functioning","Rain","Hit Object","Non-Related","Fixed Object","Not Applicable","Not Applicable","East Of","SIGN"