"CrashFactId","Name","MinorInjuries","ModerateInjuries","SevereInjuries","FatalInjuries","TcrNumber","CityDamageFlag","ShortFormFlag","Distance","CrashDateTime","PedestrianAction","RoadwaySurface","RoadwayCondition","Lighting","PrimaryCollisionFactor","TrafficControl","Weather","CollisionType","ProximityToIntersection","VehicleInvolvedWith","PedestrianDirectionFrom","PedestrianDirectionTo","DirectionFromIntersection","Comment"
"692518","CR-0000097808","0","0","0","0","23-075-4003","False","True","0","3/16/2023 7:38:00 AM","No Pedestrians Involved","Unknown","Unknown","Unknown","Unknown","Unknown","Unknown","Rear End","Intersection","Other Vehicle","Not Applicable","Not Applicable","At",""
"692519","CR-0000097809","0","0","0","0","23-080-9701","False","True","51","3/16/2023 9:00:00 AM","No Pedestrians Involved","Dry","Other","Daylight","Unknown","No Controls Present/Factor","Clear","Other","Non-Related","Parked Vehicle","Not Applicable","Not Applicable","South Of",""
"692520","CR-0000097810","2","0","0","0","23-075-0139","False","False","43","3/16/2023 6:57:00 AM","No Pedestrians Involved","Dry","No Unusual Conditions","Daylight","Violation Driver 1","No Controls Present/Factor","Clear","Overturned","Related","Other Vehicle","Not Applicable","Not Applicable","West Of",""
"692521","CR-0000097811","0","1","0","0","23-091-0481","False","False","0","4/1/2023 3:55:00 PM","No Pedestrians Involved","Dry","No Unusual Conditions","Daylight","Violation Driver 1","Controls Functioning","Clear","Broadside","Intersection","Motorcycle","Not Applicable","Not Applicable","At",""
"692522","CR-0000097814","0","1","0","0","23-075-0779","False","False","52","3/16/2023 6:55:00 PM","No Pedestrians Involved","Dry","No Unusual Conditions","Daylight","Violation Driver 1","No Controls Present/Factor","Clear","Hit Object","Non-Related","Fixed Object","Not Applicable","Not Applicable","West Of","TREE"
"692524","CR-0000097816","0","0","0","0","23-077-4002","False","True","51","3/16/2023 8:00:00 PM","No Pedestrians Involved","Unknown","Unknown","Unknown","Unknown","Unknown","Unknown","Sideswipe","Non-Related","Parked Vehicle","Not Applicable","Not Applicable","North Of",""
"692525","CR-0000097815","1","0","0","0","23-101-0415","False","False","0","4/11/2023 12:00:00 PM","No Pedestrians Involved","Dry","No Unusual Conditions","Daylight","Violation Driver 1","Controls Functioning","Clear","Rear End","Intersection","Other Vehicle","Not Applicable","Not Applicable","At",""
"692526","CR-0000097817","0","0","0","0","23-075-4004","False","True","51","3/16/2023 8:23:00 AM","No Pedestrians Involved","Unknown","Unknown","Unknown","Unknown","Unknown","Unknown","Sideswipe","Non-Related","Parked Vehicle","Not Applicable","Not Applicable","South Of",""
"692527","CR-0000097819","0","0","0","0","23-074-4002","False","True","0","3/15/2023 8:34:00 AM","No Pedestrians Involved","Unknown","Unknown","Unknown","Unknown","Unknown","Unknown","Rear End","Intersection","Other Vehicle","Not Applicable","Not Applicable","At",""
"692528","CR-0000097818","3","0","0","0","23-091-0371","False","False","","4/1/2023 12:54:00 PM","No Pedestrians Involved","Dry","No Unusual Conditions","Daylight","Violation Driver 1","Controls Functioning","Clear","Rear End","Related","Other Vehicle","Not Applicable","Not Applicable","North Of",""
"692529","CR-0000097820","0","0","0","0","23-076-4002","False","True","51","3/16/2023 5:00:00 PM","No Pedestrians Involved","Unknown","Unknown","Unknown","Unknown","Unknown","Unknown","Broadside","Non-Related","Parked Vehicle","Not Applicable","Not Applicable","West Of",""
"692530","CR-0000097821","1","0","0","0","23-075-0440","False","False","0","3/16/2023 1:20:00 PM","No Pedestrians Involved","Dry","No Unusual Conditions","Daylight","Violation Driver 1","No Controls Present/Factor","Clear","Broadside","Intersection","Other Vehicle","Not Applicable","Not Applicable","At",""
"692531","CR-0000097822","2","0","0","0","23-091-0308","False","False","0","4/1/2023 11:02:00 AM","No Pedestrians Involved","Dry","No Unusual Conditions","Daylight","Violation Driver 1","Controls Functioning","Clear","Broadside","Intersection","Other Vehicle","Not Applicable","Not Applicable","At",""
"692532","CR-0000097823","1","0","0","0","23-075-0381","False","False","301","3/16/2023 12:19:00 PM","No Pedestrians Involved","Dry","No Unusual Conditions","Daylight","Violation Driver 1","No Controls Present/Factor","Clear","Rear End","Non-Related","Other Vehicle","Not Applicable","Not Applicable","South Of",""
"692533","CR-0000097824","1","0","0","0","23-093-0639","False","False","51","4/3/2023 3:22:00 PM","No Pedestrians Involved","Dry","Construction - Repair Zone","Daylight","Violation Driver 1","Controls Functioning","Clear","Rear End","Non-Related","Other Vehicle","Not Applicable","Not Applicable","North Of",""
"692534","CR-0000097825","0","0","1","0","23-093-0074","True","False","221","4/3/2023 1:25:00 AM","No Pedestrians Involved","Dry","No Unusual Conditions","Dark - Street Light","Violation Driver 1","No Controls Present/Factor","Clear","Hit Object","Non-Related","Fixed Object","Not Applicable","Not Applicable","South Of","Tree"
"692535","CR-0000097826","1","0","0","0","23-093-0701","False","False","0","4/3/2023 4:25:00 PM","No Pedestrians Involved","Dry","No Unusual Conditions","Daylight","Violation Driver 1","No Controls Present/Factor","Clear","Broadside","Intersection","Other Vehicle","Not Applicable","Not Applicable","At",""
"692536","CR-0000097827","0","2","0","0","23-093-0749","False","False","193","4/3/2023 5:08:00 PM","No Pedestrians Involved","Dry","No Unusual Conditions","Daylight","Violation Driver 1","Controls Functioning","Clear","Rear End","Non-Related","Other Vehicle","Not Applicable","Not Applicable","West Of",""
"692537","CR-0000097828","0","0","0","1","23-205-0122","False","False","0","7/24/2023 4:20:00 AM","No Pedestrians Involved","Dry","No Unusual Conditions","Dark - Street Light","Unknown","Controls Functioning","Clear","Vehicle/Bike","Intersection","Bike","Not Applicable","Not Applicable","At","E. SCOOTER"
"692538","CR-0000097829","0","2","0","0","23-094-0239","False","False","51","4/4/2023 8:45:00 AM","Not In Road","Dry","No Unusual Conditions","Daylight","Violation Driver 1","No Controls Present/Factor","Clear","Vehicle/Pedestrian","Non-Related","Pedestrian","Unknown","Unknown","Unknown",""
"692539","CR-0000097830","2","0","0","0","23-094-0393","False","False","0","4/4/2023 11:33:00 AM","No Pedestrians Involved","Dry","No Unusual Conditions","Daylight","Violation Driver 1","No Controls Present/Factor","Clear","Broadside","Intersection","Other Vehicle","Not Applicable","Not Applicable","At",""
"692540","CR-0000097831","1","0","0","0","23-094-0664","True","False","0","4/4/2023 4:09:00 PM","No Pedestrians Involved","Dry","No Unusual Conditions","Daylight","Violation Driver 1","Controls Functioning","Clear","Broadside","Intersection","Other Vehicle","Not Applicable","Not Applicable","At","Tree"
"692541","CR-0000097832","0","1","0","0","23-094-0400","False","False","34","4/4/2023 11:37:00 AM","No Pedestrians Involved","Dry","No Unusual Conditions","Daylight","Violation Driver 1","Controls Functioning","Clear","Sideswipe","Related","Other Vehicle","Not Applicable","Not Applicable","West Of",""
"692542","CR-0000097833","1","0","0","0","23-094-0536","False","False","30","4/4/2023 1:46:00 PM","No Pedestrians Involved","Dry","No Unusual Conditions","Daylight","Violation Driver 1","No Controls Present/Factor","Clear","Broadside","Related","Other Vehicle","Not Applicable","Not Applicable","West Of",""
"692543","CR-0000097834","0","1","0","0","23-093-0520","False","False","0","4/3/2023 1:05:00 PM","Crossing In Crosswalk - Not At Intersection","Dry","No Unusual Conditions","Daylight","Violation Driver 1","Controls Functioning","Clear","Vehicle/Pedestrian","Intersection","Pedestrian","West","East","At",""
"692544","CR-0000097835","1","2","0","0","23-092-0306","False","False","0","4/2/2023 10:00:00 AM","No Pedestrians Involved","Dry","No Unusual Conditions","Daylight","Violation Driver 1","Controls Functioning","Clear","Broadside","Intersection","Other Vehicle","Not Applicable","Not Applicable","At",""
"692545","CR-0000097836","0","2","0","0","23-095-0166","False","False","0","4/5/2023 7:30:00 AM","Crossing - Not In Crosswalk","Dry","No Unusual Conditions","Daylight","Violation Driver 1","Controls Functioning","Clear","Vehicle/Pedestrian","Intersection","Pedestrian","West","East","At",""
"692546","CR-0000097837","1","0","0","0","23-095-0190","False","False","0","4/5/2023 8:00:00 AM","No Pedestrians Involved","Dry","No Unusual Conditions","Daylight","Violation Driver 1","Controls Functioning","Clear","Broadside","Intersection","Other Vehicle","Not Applicable","Not Applicable","At",""
"692547","CR-0000097838","1","0","0","0","23-095-0676","False","False","214","4/5/2023 5:15:00 PM","No Pedestrians Involved","Dry","No Unusual Conditions","Daylight","Violation Driver 1","No Controls Present/Factor","Clear","Sideswipe","Non-Related","Other Vehicle","Not Applicable","Not Applicable","North Of",""
"692548","CR-0000097839","0","1","0","0","23-095-0040","False","False","562","4/5/2023 1:03:00 AM","No Pedestrians Involved","Dry","No Unusual Conditions","Dark - Street Light","Violation Driver 1","No Controls Present/Factor","Clear","Hit Object","Non-Related","Fixed Object","Not Applicable","Not Applicable","South Of","Fence"
"692549","CR-0000097840","2","0","0","0","23-095-0173","False","False","42","4/5/2023 7:45:00 AM","No Pedestrians Involved","Dry","No Unusual Conditions","Daylight","Violation Driver 1","Controls Functioning","Clear","Rear End","Related","Other Vehicle","Not Applicable","Not Applicable","South Of",""
"692550","CR-0000097841","2","0","0","0","23-095-0551","False","False","0","4/5/2023 3:15:00 PM","No Pedestrians Involved","Dry","No Unusual Conditions","Daylight","Violation Driver 1","No Controls Present/Factor","Clear","Broadside","Intersection","Other Vehicle","Not Applicable","Not Applicable","At",""
"692551","CR-0000097842","0","1","0","0","23-095-0631","False","False","176","4/5/2023 4:36:00 PM","In Road - Includes Shoulder","Dry","No Unusual Conditions","Daylight","Violation Driver 1","No Controls Present/Factor","Clear","Vehicle/Pedestrian","Non-Related","Pedestrian","No Direction (Not Walking)","No Direction (Not Walking)","South Of","Pedestrian got pinned between two parked cars after a moving car rear ended the parked cars."
"692552","CR-0000097843","0","0","0","0","23-095-0592","False","False","27","4/5/2023 3:55:00 PM","No Pedestrians Involved","Dry","No Unusual Conditions","Daylight","Violation Driver 1","No Controls Present/Factor","Clear","Broadside","Related","Other Vehicle","Not Applicable","Not Applicable","West Of",""
"692553","CR-0000097844","0","2","0","0","23-095-0727","False","False","0","4/5/2023 6:00:00 PM","No Pedestrians Involved","Dry","No Unusual Conditions","Daylight","Violation Driver 1","Controls Functioning","Clear","Vehicle/Bike","Intersection","Bike","Not Applicable","Not Applicable","At",""
"692554","CR-0000097845","1","0","0","0","23-096-0566","False","False","51","4/6/2023 2:30:00 PM","No Pedestrians Involved","Dry","No Unusual Conditions","Daylight","Violation Driver 1","No Controls Present/Factor","Clear","Hit Object","Non-Related","Fixed Object","Not Applicable","Not Applicable","South Of",""
"692555","CR-0000097846","1","0","0","0","23-096-0365","False","False","0","4/6/2023 11:17:00 AM","No Pedestrians Involved","Dry","No Unusual Conditions","Daylight","Violation Driver 1","Controls Functioning","Clear","Broadside","Intersection","Other Vehicle","Not Applicable","Not Applicable","At",""
"692556","CR-0000097847","1","0","0","0","23-096-0111","False","False","392","4/6/2023 5:55:00 AM","No Pedestrians Involved","Dry","No Unusual Conditions","Dusk - Dawn","Violation Driver 1","No Controls Present/Factor","Clear","Rear End","Non-Related","Other Vehicle","Not Applicable","Not Applicable","West Of",""
"692557","CR-0000097848","1","0","0","0","23-096-0145","False","False","18","4/6/2023 7:30:00 AM","No Pedestrians Involved","Dry","No Unusual Conditions","Daylight","Violation Driver 1","Controls Functioning","Clear","Rear End","Related","Other Vehicle","Not Applicable","Not Applicable","East Of",""
"692558","CR-0000097849","1","1","0","0","23-096-0361","False","False","40","4/6/2023 11:16:00 AM","No Pedestrians Involved","Dry","No Unusual Conditions","Daylight","Violation Driver 1","No Controls Present/Factor","Clear","Broadside","Related","Other Vehicle","Not Applicable","Not Applicable","South Of",""
"692559","CR-0000097850","1","0","0","0","23-096-0492","False","False","35","4/6/2023 2:43:00 PM","No Pedestrians Involved","Dry","No Unusual Conditions","Daylight","Violation Driver 1","Controls Functioning","Clear","Rear End","Related","Other Vehicle","Not Applicable","Not Applicable","South Of",""
"692560","CR-0000097851","0","0","1","0","23-096-0529","False","False","0","4/6/2023 1:59:00 PM","No Pedestrians Involved","Dry","No Unusual Conditions","Daylight","Bike At Fault","Controls Functioning","Clear","Vehicle/Bike","Intersection","Bike","Not Applicable","Not Applicable","At",""
"692561","CR-0000097852","2","0","0","0","23-096-0615","False","False","0","4/6/2023 3:22:00 PM","No Pedestrians Involved","Dry","No Unusual Conditions","Daylight","Violation Driver 1","Controls Functioning","Clear","Broadside","Intersection","Other Vehicle","Not Applicable","Not Applicable","At",""
"692562","CR-0000097853","1","0","0","0","23-096-0693","False","False","0","4/6/2023 4:34:00 PM","No Pedestrians Involved","Dry","No Unusual Conditions","Daylight","Violation Driver 1","Controls Functioning","Clear","Broadside","Intersection","Motor Vehicle On Other Roadway","Not Applicable","Not Applicable","At",""
"692563","CR-0000097854","1","0","0","0","23-097-0677","False","False","56","4/7/2023 5:54:00 PM","No Pedestrians Involved","Dry","No Unusual Conditions","Daylight","Violation Driver 1","Unknown","Clear","Hit Object","Non-Related","Fixed Object","Not Applicable","Not Applicable","East Of","Light pole, gate"
"692564","CR-0000097855","1","0","0","0","23-097-1029","False","False","102","4/7/2023 11:33:00 PM","No Pedestrians Involved","Dry","No Unusual Conditions","Dark - Street Light","Violation Driver 1","Controls Functioning","Clear","Sideswipe","Non-Related","Parked Vehicle","Not Applicable","Not Applicable","West Of",""
"692565","CR-0000097856","1","0","0","0","23-097-0884","False","False","0","4/7/2023 10:50:00 PM","No Pedestrians Involved","Dry","No Unusual Conditions","Dark - Street Light","Violation Driver 1","No Controls Present/Factor","Clear","Broadside","Intersection","Other Vehicle","Not Applicable","Not Applicable","At",""
"692566","CR-0000097857","1","0","0","0","23-097-0886","False","False","","4/7/2023 9:30:00 PM","No Pedestrians Involved","Dry","No Unusual Conditions","Dark - Street Light","Violation Driver 1","Controls Functioning","Clear","Rear End","Related","Other Vehicle","Not Applicable","Not Applicable","North Of",""
"692567","CR-0000097858","0","0","1","0","23-097-0558","False","False","122","4/7/2023 4:07:00 PM","No Pedestrians Involved","Dry","No Unusual Conditions","Daylight","Violation Driver 1","Controls Functioning","Clear","Sideswipe","Non-Related","Motorcycle","Not Applicable","Not Applicable","North Of",""
"692568","CR-0000097859","1","0","0","0","23-097-0895","False","False","51","4/7/2023 7:30:00 PM","Not In Road","Dry","No Unusual Conditions","Dark - Street Light","Violation Driver 1","Unknown","Clear","Vehicle/Pedestrian","Non-Related","Pedestrian","South","North","South Of",""
"692569","CR-0000097860","0","1","0","0","23-097-0171","False","False","0","4/7/2023 6:30:00 AM","Crossing In Crosswalk - At Intersection","Wet","No Unusual Conditions","Dark - Street Light","Violation Driver 1","Controls Functioning","Clear","Vehicle/Pedestrian","Intersection","Pedestrian","North","South","At",""
"692570","CR-0000097861","0","0","1","0","23-038-0137","False","False","1153","2/7/2023 6:51:00 AM","No Pedestrians Involved","Dry","No Unusual Conditions","Dark - Street Light","Violation Driver 1","No Controls Present/Factor","Clear","Vehicle/Bike","Non-Related","Bike","Not Applicable","Not Applicable","North Of","BIKE"
"692571","CR-0000097862","0","0","1","0","23-042-0093","True","False","51","2/11/2023 2:45:00 AM","No Pedestrians Involved","Dry","No Unusual Conditions","Dark - No Street Light","Violation Driver 1","Controls Functioning","Clear","Hit Object","Non-Related","Fixed Object","Not Applicable","Not Applicable","West Of","TREE"
"692572","CR-0000097863","1","1","1","0","23-042-0489","False","False","30","2/11/2023 3:50:00 PM","No Pedestrians Involved","Dry","No Unusual Conditions","Daylight","Violation Driver 1","Controls Functioning","Clear","Sideswipe","Related","Other Vehicle","Not Applicable","Not Applicable","East Of",""
"692573","CR-0000097864","0","0","0","0","23-045-0183","False","False","68","2/14/2023 8:23:00 AM","No Pedestrians Involved","Dry","No Unusual Conditions","Daylight","Violation Driver 1","Controls Functioning","Cloudy","Sideswipe","Non-Related","Other Vehicle","Not Applicable","Not Applicable","West Of",""
"692574","CR-0000097865","0","0","1","0","23-044-0332","False","False","37","2/13/2023 11:17:00 AM","Crossing - Not In Crosswalk","Dry","No Unusual Conditions","Daylight","Pedestrian At Fault","Controls Not Functioning","Clear","Vehicle/Pedestrian","Related","Pedestrian","South","North","East Of","PED"
"692575","CR-0000097866","0","0","0","0","23-055-0694","True","False","0","2/24/2023 5:11:00 PM","No Pedestrians Involved","Dry","No Unusual Conditions","Daylight","Violation Driver 1","No Controls Present/Factor","Clear","Head On","Intersection","Other Vehicle","Not Applicable","Not Applicable","At","CITY VEHICLE"
"692578","CR-0000097869","0","0","0","0","23-045-0526","False","False","0","2/14/2023 2:40:00 PM","No Pedestrians Involved","Dry","No Unusual Conditions","Daylight","Violation Driver 1","Controls Functioning","Clear","Vehicle/Bike","Intersection","Bike","Not Applicable","Not Applicable","At","BIKE"
"692579","CR-0000097870","0","0","0","0","23-043-0710","False","False","130","2/12/2023 9:18:00 PM","No Pedestrians Involved","Dry","No Unusual Conditions","Dark - Street Light","Violation Driver 1","No Controls Present/Factor","Clear","Sideswipe","Non-Related","Parked Vehicle","Not Applicable","Not Applicable","West Of",""
"692580","CR-0000097871","0","0","0","0","23-046-0482","False","False","45","2/15/2023 12:59:00 PM","No Pedestrians Involved","Dry","No Unusual Conditions","Daylight","Violation Driver 1","Controls Functioning","Clear","Sideswipe","Related","Other Vehicle","Not Applicable","Not Applicable","South Of",""
"692581","CR-0000097872","0","0","0","0","23-052-0996","False","False","0","2/21/2023 9:54:00 PM","No Pedestrians Involved","Dry","No Unusual Conditions","Dark - No Street Light","Violation Driver 1","Controls Not Functioning","Clear","Sideswipe","Intersection","Other Vehicle","Not Applicable","Not Applicable","At",""
"692582","CR-0000097874","0","0","0","0","23-051-9701","False","True","0","2/18/2023 10:00:00 PM","No Pedestrians Involved","Dry","No Unusual Conditions","Dark - Street Light","Unknown","Controls Functioning","Clear","Sideswipe","Intersection","Other Vehicle","Not Applicable","Not Applicable","At",""
"692583","CR-0000097875","0","0","0","0","23-057-9701","False","True","0","2/26/2023 7:20:00 AM","No Pedestrians Involved","Dry","No Unusual Conditions","Daylight","Unknown","No Controls Present/Factor","Cloudy","Sideswipe","Intersection","Other Vehicle","Not Applicable","Not Applicable","At",""
"692585","CR-0000097873","0","0","0","0","23-044-0387","False","False","37","2/13/2023 12:22:00 PM","No Pedestrians Involved","Dry","No Unusual Conditions","Daylight","Violation Driver 1","Controls Functioning","Clear","Rear End","Related","Other Vehicle","Not Applicable","Not Applicable","North Of",""
"692586","CR-0000097877","1","0","0","0","23-052-0914","False","False","0","2/21/2023 8:03:00 PM","No Pedestrians Involved","Dry","No Unusual Conditions","Dark - No Street Light","Violation Driver 1","Controls Not Functioning","Clear","Broadside","Intersection","Other Vehicle","Not Applicable","Not Applicable","At",""
"692587","CR-0000097878","0","1","0","0","23-098-0928","False","False","375","4/8/2023 10:51:00 PM","No Pedestrians Involved","Dry","No Unusual Conditions","Dark - Street Light","Violation Driver 1","Controls Functioning","Clear","Rear End","Non-Related","Parked Vehicle","Not Applicable","Not Applicable","West Of",""
"692588","CR-0000097879","0","1","0","0","23-116-0567","False","False","18","4/26/2023 3:44:00 PM","No Pedestrians Involved","Dry","No Unusual Conditions","Daylight","Violation Driver 1","Controls Functioning","Clear","Vehicle/Bike","Related","Bike","Not Applicable","Not Applicable","South Of","BIKE"
"692589","CR-0000097880","1","2","0","0","23-098-0296","True","False","122","4/8/2023 9:50:00 AM","No Pedestrians Involved","Dry","No Unusual Conditions","Daylight","Violation Driver 1","Unknown","Clear","Head On","Non-Related","Other Vehicle","Not Applicable","Not Applicable","East Of","TREE"
"692590","CR-0000097881","1","0","0","0","23-116-0734","False","False","0","4/26/2023 7:08:00 PM","No Pedestrians Involved","Dry","No Unusual Conditions","Dusk - Dawn","Violation Driver 1","No Controls Present/Factor","Clear","Vehicle/Bike","Intersection","Bike","Not Applicable","Not Applicable","At",""
"692591","CR-0000097882","0","1","0","0","23-116-0223","False","False","30","4/26/2023 9:34:00 AM","No Pedestrians Involved","Dry","No Unusual Conditions","Daylight","Violation Driver 1","Controls Functioning","Clear","Sideswipe","Related","Other Vehicle","Not Applicable","Not Applicable","North Of",""
"694024","CR-0000098171","0","0","1","0","23-133-0880","False","False","78","5/13/2023 10:17:00 PM","No Pedestrians Involved","Dry","No Unusual Conditions","Dark - Street Light","Violation Driver 1","No Controls Present/Factor","Clear","Rear End","Non-Related","Parked Vehicle","Not Applicable","Not Applicable","West Of",""
"694025","CR-0000098161","0","1","0","0","23-142-0260","False","False","0","5/22/2023 9:09:00 AM","No Pedestrians Involved","Dry","No Unusual Conditions","Daylight","Violation Driver 1","Controls Functioning","Clear","Broadside","Intersection","Other Vehicle","Not Applicable","Not Applicable","At",""
"694026","CR-0000098176","1","0","0","0","23-136-0394","False","False","24","5/16/2023 11:49:00 AM","No Pedestrians Involved","Dry","No Unusual Conditions","Daylight","Violation Driver 1","Controls Functioning","Clear","Rear End","Related","Other Vehicle","Not Applicable","Not Applicable","West Of",""
"694027","CR-0000098188","1","0","0","0","23-140-0267","False","False","168","5/20/2023 8:55:00 AM","No Pedestrians Involved","Dry","No Unusual Conditions","Daylight","Violation Driver 1","Controls Functioning","Clear","Rear End","Non-Related","Other Vehicle","Not Applicable","Not Applicable","East Of",""
"694028","CR-0000097928","1","0","0","0","23-109-0170","False","False","0","4/19/2023 8:06:00 AM","No Pedestrians Involved","Dry","No Unusual Conditions","Daylight","Violation Driver 1","No Controls Present/Factor","Clear","Other","Intersection","Other Vehicle","Not Applicable","Not Applicable","At",""
"694029","CR-0000097934","0","0","1","0","23-110-0879","False","False","130","4/20/2023 8:45:00 PM","Crossing - Not In Crosswalk","Dry","No Unusual Conditions","Dark - Street Light","Violation Driver 1","No Controls Present/Factor","Clear","Vehicle/Pedestrian","Non-Related","Pedestrian","East","West","South Of","PEDESTRIAN"
"694030","CR-0000097885","0","0","0","0","23-098-0446","False","False","51","4/8/2023 1:16:00 PM","No Pedestrians Involved","Dry","No Unusual Conditions","Daylight","Violation Driver 1","No Controls Present/Factor","Clear","Broadside","Non-Related","Other Vehicle","Not Applicable","Not Applicable","East Of",""
"694031","CR-0000098151","1","0","0","0","23-133-0630","False","False","0","5/13/2023 6:03:00 PM","No Pedestrians Involved","Dry","No Unusual Conditions","Daylight","Violation Driver 1","Controls Functioning","Clear","Sideswipe","Intersection","Other Vehicle","Not Applicable","Not Applicable","At",""
"694032","CR-0000097925","0","1","0","0","23-109-0544","True","False","339","4/19/2023 3:25:00 PM","No Pedestrians Involved","Dry","No Unusual Conditions","Daylight","Violation Driver 1","Controls Functioning","Clear","Hit Object","Non-Related","Fixed Object","Not Applicable","Not Applicable","East Of","LIGHTPOLE"
"694033","CR-0000097947","0","0","0","0","23-090-0887","True","False","0","3/31/2023 8:39:00 PM","No Pedestrians Involved","Dry","No Unusual Conditions","Dark - Street Light","Violation Driver 1","Unknown","Clear","Hit Object","Intersection","Fixed Object","Not Applicable","Not Applicable","At","PED RAIL BUS STOP"
"694034","CR-0000098129","0","1","0","0","23-127-0339","False","False","140","5/7/2023 11:47:00 AM","No Pedestrians Involved","Dry","No Unusual Conditions","Daylight","Violation Driver 1","No Controls Present/Factor","Clear","Vehicle/Bike","Non-Related","Bike","Not Applicable","Not Applicable","South Of","BIKE"
"694035","CR-0000098021","0","0","0","0","23-106-0156","False","False","0","4/16/2023 3:07:00 AM","No Pedestrians Involved","Dry","No Unusual Conditions","Dark - Street Light","Violation Driver 1","No Controls Present/Factor","Clear","Sideswipe","Intersection","Parked Vehicle","Not Applicable","Not Applicable","At",""
"694036","CR-0000098156","1","1","0","0","23-134-0085","False","False","0","5/14/2023 1:20:00 AM","No Pedestrians Involved","Dry","No Unusual Conditions","Dark - Street Light","Violation Driver 1","Controls Functioning","Clear","Broadside","Intersection","Other Vehicle","Not Applicable","Not Applicable","At",""
"694037","CR-0000097932","1","0","0","0","23-109-0217","False","False","218","4/19/2023 9:54:00 AM","No Pedestrians Involved","Dry","No Unusual Conditions","Daylight","Violation Driver 1","No Controls Present/Factor","Clear","Hit Object","Non-Related","Fixed Object","Not Applicable","Not Applicable","North Of","LIGHPOLE AND RAILING"
"694038","CR-0000098190","0","0","1","0","23-127-0639","False","False","0","5/7/2023 5:06:00 PM","No Pedestrians Involved","Dry","No Unusual Conditions","Daylight","Violation Driver 1","Controls Functioning","Clear","Rear End","Intersection","Other Vehicle","Not Applicable","Not Applicable","At",""
"694039","CR-0000098084","1","0","0","0","23-066-0714","False","False","75","3/7/2023 6:19:00 PM","No Pedestrians Involved","Dry","No Unusual Conditions","Daylight","Unknown","No Controls Present/Factor","Clear","Head On","Non-Related","Motorcycle","Not Applicable","Not Applicable","West Of",""
"694040","CR-0000098197","2","0","0","0","23-143-0925","False","False","0","5/23/2023 8:45:00 PM","Crossing - Not In Crosswalk","Dry","Unknown","Dark - Street Light","Violation Driver 1","Controls Functioning","Clear","Vehicle/Pedestrian","Intersection","Pedestrian","East","West","At","PED(2)"
"694041","CR-0000098082","3","0","0","0","23-065-0177","False","False","21","3/6/2023 8:42:00 AM","No Pedestrians Involved","Wet","No Unusual Conditions","Daylight","Violation Driver 1","Controls Functioning","Rain","Rear End","Related","Other Vehicle","Not Applicable","Not Applicable","North Of",""
"694042","CR-0000097892","0","0","0","0","23-118-0499","False","False","0","4/28/2023 2:52:00 PM","No Pedestrians Involved","Dry","No Unusual Conditions","Daylight","Violation Driver 1","Controls Functioning","Clear","Broadside","Intersection","Other Vehicle","Not Applicable","Not Applicable","At",""
"694043","CR-0000097944","1","0","0","0","23-076-0830","False","False","120","3/17/2023 7:59:00 PM","No Pedestrians Involved","Dry","No Unusual Conditions","Dark - Street Light","Violation Driver 1","Controls Functioning","Clear","Rear End","Non-Related","Other Vehicle","Not Applicable","Not Applicable","East Of",""
"694044","CR-0000097887","1","0","0","0","23-098-0727","False","False","0","4/8/2023 7:27:00 PM","No Pedestrians Involved","Dry","No Unusual Conditions","Daylight","Violation Driver 1","Controls Functioning","Clear","Broadside","Intersection","Other Vehicle","Not Applicable","Not Applicable","At",""
"694045","CR-0000097907","0","2","0","0","23-114-0453","False","False","0","4/24/2023 1:53:00 PM","No Pedestrians Involved","Dry","No Unusual Conditions","Daylight","Violation Driver 1","Controls Functioning","Clear","Sideswipe","Intersection","Other Vehicle","Not Applicable","Not Applicable","At",""
"694046","CR-0000098012","1","0","0","0","23-100-0976","False","False","0","4/10/2023 8:51:00 PM","No Pedestrians Involved","Dry","No Unusual Conditions","Dark - Street Light","Violation Driver 1","Controls Functioning","Clear","Sideswipe","Intersection","Other Vehicle","Not Applicable","Not Applicable","At",""
"694047","CR-0000097963","3","0","0","0","23-075-0264","False","False","0","3/16/2023 11:16:00 AM","No Pedestrians Involved","Dry","No Unusual Conditions","Daylight","Violation Driver 1","Controls Functioning","Clear","Rear End","Intersection","Other Vehicle","Not Applicable","Not Applicable","At",""
"694048","CR-0000098166","1","0","0","0","23-151-0860","False","False","36","5/31/2023 9:38:00 PM","No Pedestrians Involved","Dry","No Unusual Conditions","Dark - Street Light","Violation Driver 1","Controls Functioning","Clear","Rear End","Related","Other Vehicle","Not Applicable","Not Applicable","North Of",""
"694049","CR-0000097916","0","0","0","0","23-114-9704","False","True","51","3/20/2023 5:00:00 PM","No Pedestrians Involved","Dry","No Unusual Conditions","Daylight","Violation Driver 1","Unknown","Clear","Rear End","Non-Related","Other Vehicle","Not Applicable","Not Applicable","North Of",""
"694050","CR-0000097937","0","0","0","0","23-086-0051","True","False","137","3/27/2023 1:38:00 AM","No Pedestrians Involved","Dry","No Unusual Conditions","Dark - Street Light","Violation Driver 1","Controls Functioning","Clear","Sideswipe","Non-Related","Parked Vehicle","Not Applicable","Not Applicable","North Of","LIGHT POLE"
"694051","CR-0000097989","0","0","0","0","23-079-0937","False","False","0","3/20/2023 11:06:00 PM","No Pedestrians Involved","Dry","No Unusual Conditions","Dark - Street Light","Violation Driver 1","No Controls Present/Factor","Clear","Sideswipe","Intersection","Other Vehicle","Not Applicable","Not Applicable","At",""