"CrashFactId","Name","MinorInjuries","ModerateInjuries","SevereInjuries","FatalInjuries","TcrNumber","CityDamageFlag","ShortFormFlag","Distance","CrashDateTime","PedestrianAction","RoadwaySurface","RoadwayCondition","Lighting","PrimaryCollisionFactor","TrafficControl","Weather","CollisionType","ProximityToIntersection","VehicleInvolvedWith","PedestrianDirectionFrom","PedestrianDirectionTo","DirectionFromIntersection","Comment"
"694738","CR-0000098751","1","0","0","0","23-238-0489","False","False","0","8/26/2023 2:00:00 PM","No Pedestrians Involved","Dry","No Unusual Conditions","Daylight","Violation Driver 1","Controls Functioning","Clear","Broadside","Intersection","Other Vehicle","Not Applicable","Not Applicable","At",""
"694739","CR-0000098744","0","1","0","0","23-217-0384","False","False","138","8/5/2023 12:45:00 PM","No Pedestrians Involved","Dry","No Unusual Conditions","Daylight","Violation Driver 1","No Controls Present/Factor","Clear","Sideswipe","Non-Related","Parked Vehicle","Not Applicable","Not Applicable","East Of",""
"694740","CR-0000098747","0","0","0","0","23-224-0144","True","False","95","8/12/2023 3:40:00 AM","No Pedestrians Involved","Dry","No Unusual Conditions","Dark - Street Light","Violation Driver 1","Controls Functioning","Clear","Hit Object","Non-Related","Fixed Object","Not Applicable","Not Applicable","North Of","TREE"
"694741","CR-0000098742","1","0","0","0","23-240-0715","False","False","22","8/30/2023 4:33:00 PM","Crossing In Crosswalk - Not At Intersection","Dry","No Unusual Conditions","Daylight","Violation Driver 1","No Controls Present/Factor","Clear","Vehicle/Pedestrian","Related","Pedestrian","North","South","East Of","PED"
"694742","CR-0000098780","1","0","0","0","23-226-0935","False","False","166","8/14/2023 9:26:00 PM","No Pedestrians Involved","Dry","No Unusual Conditions","Dark - Street Light","Violation Driver 1","Unknown","Clear","Head On","Non-Related","Other Vehicle","Not Applicable","Not Applicable","South Of",""
"694743","CR-0000098781","1","0","0","0","23-226-0978","False","False","0","8/14/2023 10:57:00 PM","No Pedestrians Involved","Dry","No Unusual Conditions","Dark - Street Light","Violation Driver 1","Controls Functioning","Clear","Broadside","Intersection","Motor Vehicle On Other Roadway","Not Applicable","Not Applicable","At",""
"694744","CR-0000098752","0","1","0","0","23-229-0553","False","False","351","8/17/2023 3:38:00 PM","Approaching/Leaving School Bus","Dry","No Unusual Conditions","Daylight","Pedestrian At Fault","No Controls Present/Factor","Clear","Vehicle/Pedestrian","Non-Related","Pedestrian","West","East","North Of","PED"
"694745","CR-0000098757","0","1","0","0","23-217-0328","False","False","462","8/5/2023 11:15:00 AM","No Pedestrians Involved","Dry","No Unusual Conditions","Daylight","Violation Driver 1","No Controls Present/Factor","Clear","Sideswipe","Non-Related","Motor Vehicle On Other Roadway","Not Applicable","Not Applicable","West Of",""
"694746","CR-0000098746","2","0","0","0","23-223-1052","True","False","0","8/11/2023 11:57:00 PM","No Pedestrians Involved","Dry","No Unusual Conditions","Dark - Street Light","Violation Driver 1","Controls Functioning","Clear","Sideswipe","Intersection","Other Vehicle","Not Applicable","Not Applicable","At","TREE"
"694747","CR-0000098748","0","1","1","0","23-230-1002","False","False","0","8/18/2023 10:53:00 PM","No Pedestrians Involved","Dry","No Unusual Conditions","Dark - Street Light","Violation Driver 1","Controls Functioning","Clear","Overturned","Intersection","Other Vehicle","Not Applicable","Not Applicable","At",""
"694748","CR-0000098743","1","0","0","0","23-239-0381","False","False","0","8/27/2023 11:24:00 AM","Crossing In Crosswalk - At Intersection","Dry","No Unusual Conditions","Daylight","Pedestrian At Fault","Controls Functioning","Clear","Vehicle/Pedestrian","Intersection","Pedestrian","South","North","At","PED"
"694749","CR-0000098795","0","1","0","0","23-243-0628","False","False","257","8/31/2023 3:30:00 PM","No Pedestrians Involved","Dry","No Unusual Conditions","Daylight","Violation Driver 1","No Controls Present/Factor","Clear","Sideswipe","Non-Related","Parked Vehicle","Not Applicable","Not Applicable","North Of",""
"694750","CR-0000098797","1","0","0","0","23-228-0322","False","False","70","8/16/2023 11:37:00 AM","No Pedestrians Involved","Dry","No Unusual Conditions","Daylight","Violation Driver 1","Controls Functioning","Clear","Rear End","Non-Related","Other Vehicle","Not Applicable","Not Applicable","East Of",""
"694751","CR-0000098790","1","0","0","0","23-234-0305","True","False","0","8/22/2023 10:27:00 AM","No Pedestrians Involved","Dry","No Unusual Conditions","Daylight","Violation Driver 1","No Controls Present/Factor","Clear","Hit Object","Intersection","Fixed Object","Not Applicable","Not Applicable","At","FENCE/TREE"
"694752","CR-0000098786","2","0","0","0","23-232-0615","False","False","0","8/20/2023 3:31:00 PM","No Pedestrians Involved","Dry","No Unusual Conditions","Daylight","Violation Driver 1","Controls Functioning","Clear","Sideswipe","Intersection","Other Vehicle","Not Applicable","Not Applicable","At",""
"694753","CR-0000098791","1","0","0","0","23-243-0726","False","False","375","8/31/2023 5:05:00 PM","No Pedestrians Involved","Dry","No Unusual Conditions","Daylight","Violation Driver 1","No Controls Present/Factor","Cloudy","Broadside","Non-Related","Other Vehicle","Not Applicable","Not Applicable","South Of",""
"694754","CR-0000098788","0","1","0","0","23-221-0527","False","False","0","8/9/2023 3:10:00 PM","No Pedestrians Involved","Dry","No Unusual Conditions","Daylight","Violation Driver 1","Controls Functioning","Clear","Broadside","Intersection","Other Vehicle","Not Applicable","Not Applicable","At",""
"694755","CR-0000098787","1","0","0","0","23-217-0452","False","False","0","8/5/2023 2:29:00 PM","Crossing In Crosswalk - At Intersection","Dry","No Unusual Conditions","Daylight","Pedestrian At Fault","Controls Functioning","Clear","Vehicle/Pedestrian","Intersection","Pedestrian","South","North","At","PED"
"694756","CR-0000098789","1","0","0","0","23-221-0910","False","False","0","8/9/2023 10:25:00 PM","No Pedestrians Involved","Dry","No Unusual Conditions","Dark - Street Light","Violation Driver 1","Controls Functioning","Clear","Broadside","Intersection","Motor Vehicle On Other Roadway","Not Applicable","Not Applicable","At",""
"694757","CR-0000098792","1","1","0","0","23-217-0565","True","False","39","8/5/2023 5:00:00 PM","No Pedestrians Involved","Dry","No Unusual Conditions","Dusk - Dawn","Violation Driver 1","No Controls Present/Factor","Clear","Hit Object","Related","Fixed Object","Not Applicable","Not Applicable","West Of","TREE"
"694758","CR-0000098796","0","1","0","0","23-227-0436","False","False","70","8/15/2023 12:17:00 PM","No Pedestrians Involved","Dry","No Unusual Conditions","Daylight","Violation Driver 1","Controls Functioning","Clear","Rear End","Non-Related","Other Vehicle","Not Applicable","Not Applicable","East Of",""
"694759","CR-0000098793","0","0","1","0","23-239-0814","False","False","0","8/27/2023 8:28:00 PM","Crossing - Not In Crosswalk","Dry","No Unusual Conditions","Dark - Street Light","Violation Driver 1","No Controls Present/Factor","Clear","Vehicle/Pedestrian","Intersection","Pedestrian","West","East","At","PED"
"694760","CR-0000098794","1","0","0","0","23-243-0571","False","False","0","8/31/2023 2:19:00 PM","No Pedestrians Involved","Dry","No Unusual Conditions","Daylight","Violation Driver 1","No Controls Present/Factor","Clear","Broadside","Intersection","Other Vehicle","Not Applicable","Not Applicable","At",""
"694761","CR-0000098798","2","0","0","0","23-230-0692","False","False","0","8/18/2023 5:37:00 PM","No Pedestrians Involved","Dry","No Unusual Conditions","Daylight","Violation Driver 1","Controls Functioning","Clear","Head On","Intersection","Other Vehicle","Not Applicable","Not Applicable","At",""
"694762","CR-0000098799","0","1","0","0","23-216-0638","False","False","0","8/4/2023 6:10:00 PM","No Pedestrians Involved","Dry","No Unusual Conditions","Daylight","Violation Driver 1","No Controls Present/Factor","Clear","Broadside","Intersection","Motorcycle","Not Applicable","Not Applicable","At",""
"694763","CR-0000098800","1","0","0","0","23-216-0149","False","False","275","8/4/2023 7:01:00 AM","No Pedestrians Involved","Dry","No Unusual Conditions","Daylight","Violation Driver 1","Controls Functioning","Clear","Rear End","Non-Related","Other Vehicle","Not Applicable","Not Applicable","North Of",""
"694764","CR-0000098801","1","0","0","0","23-230-0928","False","False","81","8/18/2023 9:39:00 PM","No Pedestrians Involved","Dry","No Unusual Conditions","Dark - Street Light","Violation Driver 1","Controls Functioning","Clear","Sideswipe","Non-Related","Other Vehicle","Not Applicable","Not Applicable","South Of",""
"694765","CR-0000098802","1","0","0","0","23-222-0950","False","False","197","8/10/2023 11:10:00 PM","No Pedestrians Involved","Dry","No Unusual Conditions","Dark - Street Light","Violation Driver 1","Controls Functioning","Clear","Rear End","Non-Related","Other Vehicle","Not Applicable","Not Applicable","East Of",""
"694766","CR-0000098803","1","0","0","0","23-229-9706","False","True","0","8/5/2023 8:40:00 PM","Crossing In Crosswalk - At Intersection","Dry","No Unusual Conditions","Dusk - Dawn","Unknown","No Controls Present/Factor","Unknown","Vehicle/Pedestrian","Intersection","Pedestrian","North","South","At","PED"
"694767","CR-0000098804","1","0","0","0","23-230-9709","False","True","0","8/12/2023 1:34:00 AM","No Pedestrians Involved","Dry","No Unusual Conditions","Dark - Street Light","Violation Driver 1","Controls Functioning","Clear","Vehicle/Bike","Intersection","Scooter Motorized","Not Applicable","Not Applicable","At","E.SCOOTER"
"694768","CR-0000098805","1","0","0","0","23-233-9712","False","True","0","8/15/2023 1:00:00 PM","No Pedestrians Involved","Dry","Unknown","Daylight","Unknown","Unknown","Clear","Vehicle/Bike","Intersection","Bike","Not Applicable","Not Applicable","At","BIKE"
"694769","CR-0000098806","1","0","0","0","23-231-0711","False","False","56","8/19/2023 10:18:00 PM","No Pedestrians Involved","Dry","No Unusual Conditions","Dark - Street Light","Violation Driver 1","Controls Functioning","Clear","Rear End","Non-Related","Other Vehicle","Not Applicable","Not Applicable","East Of",""
"694770","CR-0000098807","1","0","0","0","23-234-9714","False","True","0","8/22/2023 11:43:00 AM","No Pedestrians Involved","Dry","No Unusual Conditions","Daylight","Unknown","Controls Functioning","Clear","Rear End","Intersection","Motorcycle","Not Applicable","Not Applicable","At",""
"694771","CR-0000098808","1","0","0","0","23-226-0612","False","False","364","8/14/2023 3:18:00 PM","No Pedestrians Involved","Dry","No Unusual Conditions","Daylight","Violation Driver 1","No Controls Present/Factor","Clear","Rear End","Non-Related","Other Vehicle","Not Applicable","Not Applicable","South Of",""
"694772","CR-0000098809","1","0","0","0","23-233-0070","True","False","778","8/21/2023 2:13:00 AM","No Pedestrians Involved","Dry","No Unusual Conditions","Dark - Street Light","Violation Driver 1","Controls Functioning","Clear","Sideswipe","Non-Related","Parked Vehicle","Not Applicable","Not Applicable","North Of","TREESx2"
"694773","CR-0000098810","1","0","0","0","23-220-0511","False","False","100","8/8/2023 1:35:00 PM","No Pedestrians Involved","Dry","No Unusual Conditions","Daylight","Violation Driver 1","Controls Functioning","Clear","Broadside","Non-Related","Other Vehicle","Not Applicable","Not Applicable","South Of",""
"694774","CR-0000098811","7","0","0","0","23-217-0467","False","False","0","8/5/2023 1:27:00 PM","No Pedestrians Involved","Dry","No Unusual Conditions","Daylight","Violation Driver 1","No Controls Present/Factor","Clear","Broadside","Intersection","Other Vehicle","Not Applicable","Not Applicable","At",""
"694775","CR-0000098812","1","0","0","0","23-269-9705","False","True","0","8/18/2023 9:30:00 PM","No Pedestrians Involved","Dry","No Unusual Conditions","Dark - Street Light","Unknown","Controls Functioning","Clear","Sideswipe","Intersection","Other Vehicle","Not Applicable","Not Applicable","At",""
"694776","CR-0000098813","0","1","0","0","23-216-0892","True","False","0","8/4/2023 11:00:00 PM","No Pedestrians Involved","Dry","No Unusual Conditions","Dark - Street Light","Violation Driver 1","Controls Functioning","Clear","Hit Object","Intersection","Fixed Object","Not Applicable","Not Applicable","At","TREE"
"694777","CR-0000098814","0","1","0","0","23-218-0644","False","False","27","8/6/2023 5:28:00 PM","Crossing In Crosswalk - At Intersection","Dry","No Unusual Conditions","Daylight","Violation Driver 1","Controls Functioning","Clear","Vehicle/Pedestrian","Related","Pedestrian","West","East","South Of","PED"
"694778","CR-0000098815","1","1","0","0","23-214-0655","False","False","81","8/2/2023 4:33:00 PM","No Pedestrians Involved","Dry","No Unusual Conditions","Daylight","Violation Driver 1","Controls Functioning","Clear","Rear End","Non-Related","Other Vehicle","Not Applicable","Not Applicable","West Of",""
"694779","CR-0000098816","0","0","1","0","23-213-0245","False","False","0","8/1/2023 8:30:00 AM","No Pedestrians Involved","Dry","No Unusual Conditions","Daylight","Violation Driver 1","No Controls Present/Factor","Clear","Sideswipe","Intersection","Other Vehicle","Not Applicable","Not Applicable","At",""
"694780","CR-0000098817","1","0","0","0","23-214-0493","False","False","59","8/2/2023 1:41:00 PM","No Pedestrians Involved","Dry","No Unusual Conditions","Daylight","Violation Driver 1","Controls Functioning","Clear","Vehicle/Bike","Non-Related","Bike","Not Applicable","Not Applicable","East Of","BIKE"
"694781","CR-0000098818","0","0","0","0","23-214-1013","False","False","0","8/2/2023 11:21:00 PM","No Pedestrians Involved","Dry","No Unusual Conditions","Dark - Street Light","Violation Driver 1","No Controls Present/Factor","Clear","Broadside","Intersection","Other Vehicle","Not Applicable","Not Applicable","At",""
"694782","CR-0000098819","1","0","0","0","23-215-0194","False","False","70","8/3/2023 7:55:00 AM","No Pedestrians Involved","Dry","No Unusual Conditions","Daylight","Violation Driver 1","Controls Functioning","Clear","Sideswipe","Non-Related","Other Vehicle","Not Applicable","Not Applicable","East Of",""
"694783","CR-0000098820","0","0","1","0","23-215-0363","False","False","114","8/3/2023 11:37:00 AM","Crossing - Not In Crosswalk","Dry","Unknown","Daylight","Pedestrian At Fault","Controls Functioning","Clear","Vehicle/Pedestrian","Non-Related","Pedestrian","South","North","West Of","PED"
"694784","CR-0000098821","0","0","0","0","23-215-0368","True","False","53","8/3/2023 11:39:00 AM","No Pedestrians Involved","Dry","No Unusual Conditions","Daylight","Unknown","Unknown","Clear","Hit Object","Non-Related","Fixed Object","Not Applicable","Not Applicable","East Of","TREE"
"694785","CR-0000098822","1","0","0","0","23-218-0782","False","False","0","8/6/2023 8:10:00 PM","No Pedestrians Involved","Dry","Unknown","Daylight","Violation Driver 1","Controls Functioning","Clear","Vehicle/Bike","Intersection","Bike","Not Applicable","Not Applicable","At","BIKE"
"694786","CR-0000098823","1","0","0","0","23-220-0115","False","False","70","8/8/2023 4:50:00 AM","No Pedestrians Involved","Dry","Other","Dark - Street Light","Violation Driver 1","Controls Functioning","Clear","Head On","Non-Related","Fixed Object","Not Applicable","Not Applicable","West Of","FALLEN TREE"
"694787","CR-0000098824","1","0","0","0","23-213-0400","False","False","36","8/1/2023 11:53:00 AM","No Pedestrians Involved","Dry","No Unusual Conditions","Daylight","Violation Driver 1","Controls Functioning","Clear","Rear End","Related","Other Vehicle","Not Applicable","Not Applicable","West Of",""
"694788","CR-0000098826","0","1","0","0","23-235-0805","True","False","112","8/23/2023 7:33:00 PM","No Pedestrians Involved","Dry","No Unusual Conditions","Daylight","Violation Driver 1","No Controls Present/Factor","Clear","Hit Object","Non-Related","Fixed Object","Not Applicable","Not Applicable","North Of","FENCE/TREE"
"694789","CR-0000098827","1","0","0","0","23-226-0168","False","False","45","8/14/2023 5:58:00 AM","No Pedestrians Involved","Dry","No Unusual Conditions","Daylight","Violation Driver 1","No Controls Present/Factor","Clear","Rear End","Related","Other Vehicle","Not Applicable","Not Applicable","North Of",""
"694790","CR-0000098828","1","0","0","0","23-217-0716","False","False","0","8/5/2023 8:01:00 PM","No Pedestrians Involved","Dry","No Unusual Conditions","Dark - Street Light","Unknown","Controls Functioning","Clear","Rear End","Intersection","Other Vehicle","Not Applicable","Not Applicable","At",""
"694791","CR-0000098829","1","0","0","0","23-212-9703","False","True","51","7/28/2023 12:30:00 PM","No Pedestrians Involved","Dry","No Unusual Conditions","Daylight","Unknown","No Controls Present/Factor","Unknown","Sideswipe","Non-Related","Other Vehicle","Not Applicable","Not Applicable","North Of",""
"694792","CR-0000098830","0","1","0","0","23-182-0618","False","False","0","7/1/2023 3:58:00 PM","No Pedestrians Involved","Dry","Unknown","Daylight","Violation Driver 1","Unknown","Clear","Hit Object","Intersection","Fixed Object","Not Applicable","Not Applicable","At",""
"694793","CR-0000098831","0","0","1","0","23-243-0010","False","False","106","8/31/2023 12:07:00 AM","Crossing - Not In Crosswalk","Dry","No Unusual Conditions","Dark - Street Light","Pedestrian At Fault","Controls Functioning","Clear","Vehicle/Pedestrian","Non-Related","Pedestrian","South","North","East Of","PED"
"694794","CR-0000098832","0","1","0","0","23-226-1041","False","False","24","8/14/2023 11:50:00 PM","No Pedestrians Involved","Dry","No Unusual Conditions","Dark - Street Light","Violation Driver 1","No Controls Present/Factor","Clear","Vehicle/Bike","Related","Bike","Not Applicable","Not Applicable","South Of","BIKE"
"694795","CR-0000098833","1","0","0","0","23-230-0820","False","False","0","8/18/2023 7:53:00 PM","No Pedestrians Involved","Dry","No Unusual Conditions","Dark - Street Light","Violation Driver 1","No Controls Present/Factor","Clear","Broadside","Intersection","Other Vehicle","Not Applicable","Not Applicable","At",""
"694796","CR-0000098834","1","0","0","0","23-229-0696","False","False","0","8/17/2023 6:17:00 PM","No Pedestrians Involved","Dry","No Unusual Conditions","Daylight","Violation Driver 1","Controls Functioning","Clear","Rear End","Intersection","Other Vehicle","Not Applicable","Not Applicable","At",""
"694797","CR-0000098835","1","1","0","0","23-228-0809","False","False","0","8/16/2023 11:15:00 PM","No Pedestrians Involved","Dry","No Unusual Conditions","Dark - Street Light","Violation Driver 1","No Controls Present/Factor","Clear","Broadside","Intersection","Other Vehicle","Not Applicable","Not Applicable","At",""
"694798","CR-0000098836","1","0","0","0","23-213-0771","True","False","174","8/1/2023 6:08:00 PM","No Pedestrians Involved","Dry","No Unusual Conditions","Daylight","Violation Driver 1","Unknown","Clear","Rear End","Non-Related","Other Vehicle","Not Applicable","Not Applicable","South Of","LIGHT POLELIGHTPOLE"
"694799","CR-0000098837","1","0","0","0","23-214-0893","False","False","297","8/2/2023 8:54:00 PM","No Pedestrians Involved","Dry","No Unusual Conditions","Dark - Street Light","Violation Driver 1","No Controls Present/Factor","Clear","Broadside","Non-Related","Parked Vehicle","Not Applicable","Not Applicable","South Of",""
"694800","CR-0000098838","0","1","0","0","23-230-0363","False","False","0","8/18/2023 11:25:00 AM","No Pedestrians Involved","Dry","No Unusual Conditions","Daylight","Violation Driver 1","Controls Functioning","Clear","Vehicle/Bike","Intersection","Scooter Motorized","Not Applicable","Not Applicable","At","E.SCOOTER"
"694801","CR-0000098839","1","1","1","0","23-229-0827","False","False","0","8/17/2023 9:46:00 PM","No Pedestrians Involved","Dry","No Unusual Conditions","Dark - Street Light","Violation Driver 1","Controls Functioning","Clear","Broadside","Intersection","Other Vehicle","Not Applicable","Not Applicable","At",""
"694802","CR-0000098840","1","1","0","0","23-215-0469","True","False","32","8/3/2023 1:40:00 PM","No Pedestrians Involved","Dry","No Unusual Conditions","Daylight","Violation Driver 1","Controls Functioning","Clear","Hit Object","Related","Fixed Object","Not Applicable","Not Applicable","North Of","LIGHT POLE X2"
"694803","CR-0000098841","3","0","0","0","23-216-0855","False","False","50","8/4/2023 10:20:00 PM","No Pedestrians Involved","Dry","No Unusual Conditions","Dark - Street Light","Violation Driver 1","Controls Functioning","Clear","Rear End","Related","Other Vehicle","Not Applicable","Not Applicable","South Of",""
"694804","CR-0000098842","0","1","0","0","23-220-0663","False","False","4798","8/8/2023 4:16:00 PM","No Pedestrians Involved","Dry","No Unusual Conditions","Daylight","Violation Driver 1","No Controls Present/Factor","Clear","Broadside","Non-Related","Other Vehicle","Not Applicable","Not Applicable","West Of",""
"694805","CR-0000098843","1","0","0","0","23-225-0442","False","False","370","8/13/2023 1:32:00 PM","No Pedestrians Involved","Dry","No Unusual Conditions","Daylight","Violation Driver 1","No Controls Present/Factor","Clear","Broadside","Non-Related","Other Vehicle","Not Applicable","Not Applicable","North Of",""
"694806","CR-0000098844","1","0","0","0","23-219-0723","False","False","0","8/7/2023 5:03:00 PM","No Pedestrians Involved","Dry","No Unusual Conditions","Daylight","Violation Driver 1","Controls Functioning","Clear","Broadside","Intersection","Other Vehicle","Not Applicable","Not Applicable","At",""
"694807","CR-0000098845","0","1","0","0","23-222-0443","True","False","72","8/10/2023 1:06:00 PM","No Pedestrians Involved","Dry","No Unusual Conditions","Daylight","Violation Driver 1","No Controls Present/Factor","Clear","Hit Object","Non-Related","Fixed Object","Not Applicable","Not Applicable","East Of","light pole"
"694808","CR-0000098846","1","0","0","0","23-223-0471","False","False","70","8/11/2023 1:29:00 PM","No Pedestrians Involved","Dry","No Unusual Conditions","Daylight","Violation Driver 1","Controls Functioning","Clear","Rear End","Non-Related","Other Vehicle","Not Applicable","Not Applicable","West Of",""
"695782","CR-0000098847","0","0","0","1","23-189-0910","False","False","625","7/8/2023 9:45:00 PM","Crossing - Not In Crosswalk","Dry","No Unusual Conditions","Dark - No Street Light","Unknown","No Controls Present/Factor","Clear","Vehicle/Pedestrian","Non-Related","Pedestrian","South","North","East Of","PED"
"695783","CR-0000098848","0","0","0","0","23-054-0035","False","True","0","2/23/2023 1:15:00 AM","No Pedestrians Involved","Wet","No Unusual Conditions","Dark - Street Light","Unknown","No Controls Present/Factor","Cloudy","Sideswipe","Intersection","Parked Vehicle","Not Applicable","Not Applicable","At",""
"695784","CR-0000098849","1","2","0","0","23-253-0674","False","False","0","9/10/2023 5:25:00 PM","No Pedestrians Involved","Dry","No Unusual Conditions","Daylight","Unknown","Controls Functioning","Clear","Broadside","Intersection","Motor Vehicle On Other Roadway","Not Applicable","Not Applicable","At",""
"695785","CR-0000098850","1","0","0","0","23-263-0959","False","False","0","9/20/2023 11:27:00 PM","No Pedestrians Involved","Dry","No Unusual Conditions","Dark - Street Light","Violation Driver 1","No Controls Present/Factor","Clear","Broadside","Intersection","Other Vehicle","Not Applicable","Not Applicable","At",""
"695786","CR-0000098851","1","0","0","0","23-264-0258","False","False","72","9/21/2023 7:54:00 AM","No Pedestrians Involved","Dry","No Unusual Conditions","Daylight","Violation Driver 1","No Controls Present/Factor","Clear","Rear End","Non-Related","Other Vehicle","Not Applicable","Not Applicable","South Of",""
"695787","CR-0000098852","0","1","0","0","23-244-0157","False","False","0","9/1/2023 5:30:00 AM","No Pedestrians Involved","Dry","No Unusual Conditions","Dark - Street Light","Violation Driver 1","No Controls Present/Factor","Clear","Sideswipe","Intersection","Parked Vehicle","Not Applicable","Not Applicable","At",""
"695788","CR-0000098853","1","0","0","0","23-245-0794","True","False","300","9/2/2023 9:44:00 PM","No Pedestrians Involved","Dry","No Unusual Conditions","Daylight","Violation Driver 1","Controls Functioning","Clear","Rear End","Non-Related","Other Vehicle","Not Applicable","Not Applicable","South Of","TREE"
"695789","CR-0000098854","0","1","0","0","23-247-0663","False","False","200","9/4/2023 11:39:00 PM","No Pedestrians Involved","Dry","No Unusual Conditions","Daylight","Violation Driver 1","Controls Functioning","Clear","Rear End","Non-Related","Parked Vehicle","Not Applicable","Not Applicable","South Of",""
"695790","CR-0000098855","0","1","0","0","23-249-0072","False","False","220","9/6/2023 3:00:00 AM","No Pedestrians Involved","Dry","No Unusual Conditions","Dark - Street Light","Violation Driver 1","No Controls Present/Factor","Clear","Head On","Non-Related","Parked Vehicle","Not Applicable","Not Applicable","South Of",""
"695791","CR-0000098856","1","0","1","0","23-248-0946","False","False","43","9/5/2023 8:23:00 PM","No Pedestrians Involved","Dry","No Unusual Conditions","Dusk - Dawn","Violation Driver 1","Controls Functioning","Clear","Head On","Related","Other Vehicle","Not Applicable","Not Applicable","South Of",""
"695792","CR-0000098857","1","0","0","0","23-248-0625","False","False","0","9/5/2023 3:00:00 PM","No Pedestrians Involved","Dry","No Unusual Conditions","Daylight","Violation Driver 1","Controls Functioning","Clear","Rear End","Intersection","Other Vehicle","Not Applicable","Not Applicable","At",""
"695793","CR-0000098858","1","0","0","0","23-266-0873","False","False","","9/23/2023 10:44:00 PM","No Pedestrians Involved","Dry","No Unusual Conditions","Dark - Street Light","Violation Driver 1","Controls Functioning","Clear","Rear End","Related","Other Vehicle","Not Applicable","Not Applicable","East Of",""
"695794","CR-0000098859","0","1","0","0","23-265-0192","False","False","20","9/22/2023 7:45:00 AM","No Pedestrians Involved","Dry","No Unusual Conditions","Unknown","Violation Driver 1","Controls Functioning","Clear","Sideswipe","Related","Bike","Not Applicable","Not Applicable","West Of","BIKE"
"695795","CR-0000098860","0","0","1","0","23-249-0206","False","False","0","9/6/2023 9:02:00 AM","No Pedestrians Involved","Dry","No Unusual Conditions","Daylight","Violation Driver 1","Controls Not Functioning","Clear","Vehicle/Bike","Intersection","Bike","Not Applicable","Not Applicable","At","BIKE"
"695796","CR-0000098861","1","0","0","0","23-248-0182","False","False","54","9/5/2023 7:55:00 AM","No Pedestrians Involved","Dry","No Unusual Conditions","Daylight","Violation Driver 1","Controls Functioning","Clear","Rear End","Non-Related","Other Vehicle","Not Applicable","Not Applicable","West Of",""
"695797","CR-0000098862","1","0","0","0","23-251-0367","False","False","43","9/8/2023 11:30:00 AM","No Pedestrians Involved","Dry","No Unusual Conditions","Daylight","Violation Driver 1","No Controls Present/Factor","Clear","Rear End","Related","Other Vehicle","Not Applicable","Not Applicable","South Of",""
"695798","CR-0000098863","2","0","0","0","23-252-0262","False","False","0","9/9/2023 8:40:00 AM","No Pedestrians Involved","Dry","No Unusual Conditions","Daylight","Violation Driver 1","Controls Functioning","Clear","Sideswipe","Intersection","Other Vehicle","Not Applicable","Not Applicable","At",""
"695799","CR-0000098864","1","0","0","0","23-251-0805","False","False","0","9/9/2023 12:51:00 AM","No Pedestrians Involved","Dry","No Unusual Conditions","Daylight","Violation Driver 1","Controls Functioning","Clear","Rear End","Intersection","Other Vehicle","Not Applicable","Not Applicable","At",""
"695800","CR-0000098865","1","0","0","0","23-252-0110","False","False","2640","9/9/2023 2:16:00 AM","No Pedestrians Involved","Dry","No Unusual Conditions","Dark - No Street Light","Violation Driver 1","No Controls Present/Factor","Clear","Hit Object","Non-Related","Fixed Object","Not Applicable","Not Applicable","East Of","ROCK"
"695801","CR-0000098866","8","1","0","0","23-198-0668","True","False","0","7/17/2023 5:43:00 PM","No Pedestrians Involved","Dry","No Unusual Conditions","Daylight","Violation Driver 1","Controls Functioning","Clear","Head On","Intersection","Other Vehicle","Not Applicable","Not Applicable","At","TRAFFIC POLE"
"695802","CR-0000098867","1","0","0","0","23-258-0757","False","False","100","9/15/2023 6:42:00 PM","No Pedestrians Involved","Dry","No Unusual Conditions","Daylight","Violation Driver 1","Controls Functioning","Clear","Rear End","Non-Related","Other Vehicle","Not Applicable","Not Applicable","North Of",""
"695803","CR-0000098868","2","0","0","0","23-271-0792","False","False","462","9/28/2023 7:27:00 PM","No Pedestrians Involved","Dry","No Unusual Conditions","Dark - Street Light","Violation Driver 1","Controls Functioning","Clear","Rear End","Non-Related","Other Vehicle","Not Applicable","Not Applicable","West Of",""
"695804","CR-0000098869","0","1","0","0","23-263-0235","False","False","0","9/20/2023 9:04:00 AM","Crossing In Crosswalk - At Intersection","Dry","No Unusual Conditions","Daylight","Violation Driver 1","Controls Functioning","Clear","Vehicle/Pedestrian","Intersection","Pedestrian","North","South","At","PED"
"695805","CR-0000098870","1","0","0","0","23-267-0635","False","False","","9/24/2023 5:15:00 PM","No Pedestrians Involved","Dry","No Unusual Conditions","Dusk - Dawn","Violation Driver 1","Controls Functioning","Clear","Rear End","Related","Other Vehicle","Not Applicable","Not Applicable","North Of",""
"695806","CR-0000098871","0","1","0","0","23-269-0332","False","False","0","9/26/2023 8:20:00 AM","No Pedestrians Involved","Dry","No Unusual Conditions","Daylight","Violation Driver 1","Controls Functioning","Clear","Vehicle/Bike","Intersection","Bike","Not Applicable","Not Applicable","At","BIKE"
"695807","CR-0000098872","0","1","0","0","23-266-0773","False","False","57","9/23/2023 9:06:00 PM","No Pedestrians Involved","Dry","No Unusual Conditions","Dark - Street Light","Violation Driver 1","Controls Functioning","Clear","Vehicle/Bike","Non-Related","Bike","Not Applicable","Not Applicable","North Of","BIKE"